<?xml version="1.0" encoding="UTF-8"?>
<zipcodes>
  <object>
    <country_code>JE</country_code>
    <zipcode>JE4</zipcode>
    <place>Jersey</place>
    <state></state>
    <state_code></state_code>
    <province></province>
    <province_code>L99999999</province_code>
    <community></community>
    <community_code>L99999999</community_code>
    <latitude>49.2167</latitude>
    <longitude>-2.1167</longitude>
  </object>
  <object>
    <country_code>JE</country_code>
    <zipcode>JE1</zipcode>
    <place>St Helier</place>
    <state></state>
    <state_code></state_code>
    <province>Jersey Channel Islands</province>
    <province_code></province_code>
    <community></community>
    <community_code></community_code>
    <latitude>49.2</latitude>
    <longitude>-2.1333</longitude>
  </object>
  <object>
    <country_code>JE</country_code>
    <zipcode>JE2</zipcode>
    <place>St Helier</place>
    <state></state>
    <state_code></state_code>
    <province>Jersey Channel Islands</province>
    <province_code></province_code>
    <community></community>
    <community_code></community_code>
    <latitude>49.2</latitude>
    <longitude>-2.1333</longitude>
  </object>
  <object>
    <country_code>JE</country_code>
    <zipcode>JE3</zipcode>
    <place>St Brelades</place>
    <state></state>
    <state_code></state_code>
    <province>Jersey Channel Islands</province>
    <province_code></province_code>
    <community></community>
    <community_code></community_code>
    <latitude>49.2</latitude>
    <longitude>-2.1333</longitude>
  </object>
  <object>
    <country_code>JE</country_code>
    <zipcode>JE3</zipcode>
    <place>St Lawrence</place>
    <state></state>
    <state_code></state_code>
    <province>Jersey Channel Islands</province>
    <province_code></province_code>
    <community></community>
    <community_code></community_code>
    <latitude>49.2</latitude>
    <longitude>-2.1333</longitude>
  </object>
</zipcodes>
<to_s/>
