[
  {
    "country_code": "HT",
    "zipcode": "HT3110",
    "place": "Port-de-Paix",
    "state": "Nord-Ouest",
    "state_code": "03",
    "province": "",
    "province_code": "",
    "community": "",
    "community_code": "",
    "latitude": "19.9398",
    "longitude": "-72.8304"
  },
  {
    "country_code": "HT",
    "zipcode": "HT3111",
    "place": "La Pointe",
    "state": "Nord-Ouest",
    "state_code": "03",
    "province": "",
    "province_code": "",
    "community": "",
    "community_code": "",
    "latitude": "19.9452",
    "longitude": "-72.7751"
  },
  {
    "country_code": "HT",
    "zipcode": "HT3120",
    "place": "La Tortue",
    "state": "Nord-Ouest",
    "state_code": "03",
    "province": "",
    "province_code": "",
    "community": "",
    "community_code": "",
    "latitude": "20.0251",
    "longitude": "-72.7778"
  },
  {
    "country_code": "HT",
    "zipcode": "HT3121",
    "place": "Pointe des Oiseaux",
    "state": "Nord-Ouest",
    "state_code": "03",
    "province": "",
    "province_code": "",
    "community": "",
    "community_code": "",
    "latitude": "20.0157",
    "longitude": "-72.764"
  },
  {
    "country_code": "HT",
    "zipcode": "HT3122",
    "place": "Mare Rouge",
    "state": "Nord-Ouest",
    "state_code": "03",
    "province": "",
    "province_code": "",
    "community": "",
    "community_code": "",
    "latitude": "20.0344",
    "longitude": "-72.7916"
  },
  {
    "country_code": "HT",
    "zipcode": "HT3130",
    "place": "Bassin-Bleu",
    "state": "Nord-Ouest",
    "state_code": "03",
    "province": "",
    "province_code": "",
    "community": "",
    "community_code": "",
    "latitude": "19.9637",
    "longitude": "-72.7993"
  },
  {
    "country_code": "HT",
    "zipcode": "HT3140",
    "place": "Chansolme",
    "state": "Nord-Ouest",
    "state_code": "03",
    "province": "",
    "province_code": "",
    "community": "",
    "community_code": "",
    "latitude": "19.8832",
    "longitude": "-72.8355"
  },
  {
    "country_code": "HT",
    "zipcode": "HT3210",
    "place": "Saint-Louis-du-Nord",
    "state": "Nord-Ouest",
    "state_code": "03",
    "province": "",
    "province_code": "",
    "community": "",
    "community_code": "",
    "latitude": "19.9038",
    "longitude": "-72.6868"
  },
  {
    "country_code": "HT",
    "zipcode": "HT3211",
    "place": "Bonneau",
    "state": "Nord-Ouest",
    "state_code": "03",
    "province": "",
    "province_code": "",
    "community": "",
    "community_code": "",
    "latitude": "19.9076",
    "longitude": "-72.6569"
  },
  {
    "country_code": "HT",
    "zipcode": "HT3212",
    "place": "Guichard",
    "state": "Nord-Ouest",
    "state_code": "03",
    "province": "",
    "province_code": "",
    "community": "",
    "community_code": "",
    "latitude": "19.9",
    "longitude": "-72.7167"
  },
  {
    "country_code": "HT",
    "zipcode": "HT3220",
    "place": "Anse-à-Foleur",
    "state": "Nord-Ouest",
    "state_code": "03",
    "province": "",
    "province_code": "",
    "community": "",
    "community_code": "",
    "latitude": "19.8926",
    "longitude": "-72.6201"
  },
  {
    "country_code": "HT",
    "zipcode": "HT3310",
    "place": "Môle-Saint-Nicolas",
    "state": "Nord-Ouest",
    "state_code": "03",
    "province": "",
    "province_code": "",
    "community": "",
    "community_code": "",
    "latitude": "19.7361",
    "longitude": "-73.2461"
  },
  {
    "country_code": "HT",
    "zipcode": "HT3320",
    "place": "Bombardopolis",
    "state": "Nord-Ouest",
    "state_code": "03",
    "province": "",
    "province_code": "",
    "community": "",
    "community_code": "",
    "latitude": "19.6914",
    "longitude": "-73.3377"
  },
  {
    "country_code": "HT",
    "zipcode": "HT3330",
    "place": "Baie-de-Henne",
    "state": "Nord-Ouest",
    "state_code": "03",
    "province": "",
    "province_code": "",
    "community": "",
    "community_code": "",
    "latitude": "19.6631",
    "longitude": "-73.2094"
  },
  {
    "country_code": "HT",
    "zipcode": "HT3340",
    "place": "Jean-Rabel",
    "state": "Nord-Ouest",
    "state_code": "03",
    "province": "",
    "province_code": "",
    "community": "",
    "community_code": "",
    "latitude": "19.8538",
    "longitude": "-73.1913"
  },
  {
    "country_code": "HT",
    "zipcode": "HT4110",
    "place": "Gonaïves",
    "state": "Artibonite",
    "state_code": "06",
    "province": "",
    "province_code": "",
    "community": "",
    "community_code": "",
    "latitude": "19.4475",
    "longitude": "-72.6893"
  },
  {
    "country_code": "HT",
    "zipcode": "HT4111",
    "place": "Petite Rivière de l’Artibonite",
    "state": "Artibonite",
    "state_code": "06",
    "province": "",
    "province_code": "",
    "community": "",
    "community_code": "",
    "latitude": "19.124",
    "longitude": "-72.4817"
  },
  {
    "country_code": "HT",
    "zipcode": "HT4120",
    "place": "Ennery",
    "state": "Artibonite",
    "state_code": "06",
    "province": "",
    "province_code": "",
    "community": "",
    "community_code": "",
    "latitude": "19.4834",
    "longitude": "-72.4854"
  },
  {
    "country_code": "HT",
    "zipcode": "HT4130",
    "place": "L'Estère",
    "state": "Artibonite",
    "state_code": "06",
    "province": "",
    "province_code": "",
    "community": "",
    "community_code": "",
    "latitude": "19.3031",
    "longitude": "-72.6097"
  },
  {
    "country_code": "HT",
    "zipcode": "HT4210",
    "place": "Gros Morne",
    "state": "Artibonite",
    "state_code": "06",
    "province": "",
    "province_code": "",
    "community": "",
    "community_code": "",
    "latitude": "19.6708",
    "longitude": "-72.6781"
  },
  {
    "country_code": "HT",
    "zipcode": "HT4220",
    "place": "Terre-Neuve",
    "state": "Artibonite",
    "state_code": "06",
    "province": "",
    "province_code": "",
    "community": "",
    "community_code": "",
    "latitude": "19.5995",
    "longitude": "-72.7809"
  },
  {
    "country_code": "HT",
    "zipcode": "HT4230",
    "place": "Anse-Rouge",
    "state": "Artibonite",
    "state_code": "06",
    "province": "",
    "province_code": "",
    "community": "",
    "community_code": "",
    "latitude": "19.6345",
    "longitude": "-72.9179"
  },
  {
    "country_code": "HT",
    "zipcode": "HT4231",
    "place": "Sources Chaudes",
    "state": "Artibonite",
    "state_code": "06",
    "province": "",
    "province_code": "",
    "community": "",
    "community_code": "",
    "latitude": "19.6345",
    "longitude": "-72.9179"
  },
  {
    "country_code": "HT",
    "zipcode": "HT4310",
    "place": "Saint-Marc",
    "state": "Artibonite",
    "state_code": "06",
    "province": "",
    "province_code": "",
    "community": "",
    "community_code": "",
    "latitude": "19.1082",
    "longitude": "-72.6938"
  },
  {
    "country_code": "HT",
    "zipcode": "HT4311",
    "place": "Montrouis",
    "state": "Artibonite",
    "state_code": "06",
    "province": "",
    "province_code": "",
    "community": "",
    "community_code": "",
    "latitude": "19.0977",
    "longitude": "-72.7082"
  },
  {
    "country_code": "HT",
    "zipcode": "HT4320",
    "place": "Verrettes",
    "state": "Artibonite",
    "state_code": "06",
    "province": "",
    "province_code": "",
    "community": "",
    "community_code": "",
    "latitude": "19.0505",
    "longitude": "-72.4658"
  },
  {
    "country_code": "HT",
    "zipcode": "HT4321",
    "place": "Désarmes",
    "state": "Artibonite",
    "state_code": "06",
    "province": "",
    "province_code": "",
    "community": "",
    "community_code": "",
    "latitude": "18.9935",
    "longitude": "-72.3906"
  },
  {
    "country_code": "HT",
    "zipcode": "HT4322",
    "place": "Deschapelles",
    "state": "Artibonite",
    "state_code": "06",
    "province": "",
    "province_code": "",
    "community": "",
    "community_code": "",
    "latitude": "19.0736",
    "longitude": "-72.4918"
  },
  {
    "country_code": "HT",
    "zipcode": "HT4323",
    "place": "Liancourt",
    "state": "Artibonite",
    "state_code": "06",
    "province": "",
    "province_code": "",
    "community": "",
    "community_code": "",
    "latitude": "19.1247",
    "longitude": "-72.5371"
  },
  {
    "country_code": "HT",
    "zipcode": "HT4410",
    "place": "Dessalines (Marchand-Dessalines)",
    "state": "Artibonite",
    "state_code": "06",
    "province": "",
    "province_code": "",
    "community": "",
    "community_code": "",
    "latitude": "19.1731",
    "longitude": "-72.5656"
  },
  {
    "country_code": "HT",
    "zipcode": "HT4420",
    "place": "Petite-Rivière-de-l’Artibonite",
    "state": "Artibonite",
    "state_code": "06",
    "province": "",
    "province_code": "",
    "community": "",
    "community_code": "",
    "latitude": "19.124",
    "longitude": "-72.4817"
  },
  {
    "country_code": "HT",
    "zipcode": "HT4421",
    "place": "Savane à Roches",
    "state": "Artibonite",
    "state_code": "06",
    "province": "",
    "province_code": "",
    "community": "",
    "community_code": "",
    "latitude": "19.011",
    "longitude": "-72.367"
  },
  {
    "country_code": "HT",
    "zipcode": "HT4430",
    "place": "Grande-Saline",
    "state": "Artibonite",
    "state_code": "06",
    "province": "",
    "province_code": "",
    "community": "",
    "community_code": "",
    "latitude": "19.2651",
    "longitude": "-72.769"
  },
  {
    "country_code": "HT",
    "zipcode": "HT4440",
    "place": "Desdunes",
    "state": "Artibonite",
    "state_code": "06",
    "province": "",
    "province_code": "",
    "community": "",
    "community_code": "",
    "latitude": "19.2924",
    "longitude": "-72.6448"
  },
  {
    "country_code": "HT",
    "zipcode": "HT4510",
    "place": "Marmelade",
    "state": "Artibonite",
    "state_code": "06",
    "province": "",
    "province_code": "",
    "community": "",
    "community_code": "",
    "latitude": "19.5174",
    "longitude": "-72.3613"
  },
  {
    "country_code": "HT",
    "zipcode": "HT4520",
    "place": "Saint-Michel-de-l’Attalaye",
    "state": "Artibonite",
    "state_code": "06",
    "province": "",
    "province_code": "",
    "community": "",
    "community_code": "",
    "latitude": "19.5174",
    "longitude": "-72.3613"
  },
  {
    "country_code": "HT",
    "zipcode": "HT4530",
    "place": "Moreau Paye",
    "state": "Artibonite",
    "state_code": "06",
    "province": "",
    "province_code": "",
    "community": "",
    "community_code": "",
    "latitude": "19.5174",
    "longitude": "-72.3613"
  },
  {
    "country_code": "HT",
    "zipcode": "HT5110",
    "place": "Hinche",
    "state": "Centre",
    "state_code": "07",
    "province": "",
    "province_code": "",
    "community": "",
    "community_code": "",
    "latitude": "19.15",
    "longitude": "-72.0167"
  },
  {
    "country_code": "HT",
    "zipcode": "HT5111",
    "place": "Los Palis",
    "state": "Centre",
    "state_code": "07",
    "province": "",
    "province_code": "",
    "community": "",
    "community_code": "",
    "latitude": "19.1417",
    "longitude": "-71.9402"
  },
  {
    "country_code": "HT",
    "zipcode": "HT5120",
    "place": "Maïssade",
    "state": "Centre",
    "state_code": "07",
    "province": "",
    "province_code": "",
    "community": "",
    "community_code": "",
    "latitude": "19.1761",
    "longitude": "-72.1396"
  },
  {
    "country_code": "HT",
    "zipcode": "HT5121",
    "place": "Louverture",
    "state": "Centre",
    "state_code": "07",
    "province": "",
    "province_code": "",
    "community": "",
    "community_code": "",
    "latitude": "19.4263",
    "longitude": "-72.3139"
  },
  {
    "country_code": "HT",
    "zipcode": "HT5130",
    "place": "Thomonde",
    "state": "Centre",
    "state_code": "07",
    "province": "",
    "province_code": "",
    "community": "",
    "community_code": "",
    "latitude": "19.0173",
    "longitude": "-71.9623"
  },
  {
    "country_code": "HT",
    "zipcode": "HT5140",
    "place": "Cerca-Carvajal",
    "state": "Centre",
    "state_code": "07",
    "province": "",
    "province_code": "",
    "community": "",
    "community_code": "",
    "latitude": "19.2696",
    "longitude": "-71.9386"
  },
  {
    "country_code": "HT",
    "zipcode": "HT5210",
    "place": "Mirebalais",
    "state": "Centre",
    "state_code": "07",
    "province": "",
    "province_code": "",
    "community": "",
    "community_code": "",
    "latitude": "18.8345",
    "longitude": "-72.1048"
  },
  {
    "country_code": "HT",
    "zipcode": "HT5211",
    "place": "Dufailly",
    "state": "Centre",
    "state_code": "07",
    "province": "",
    "province_code": "",
    "community": "",
    "community_code": "",
    "latitude": "18.5128",
    "longitude": "-74.2844"
  },
  {
    "country_code": "HT",
    "zipcode": "HT5220",
    "place": "Saut-d’Eau",
    "state": "Centre",
    "state_code": "07",
    "province": "",
    "province_code": "",
    "community": "",
    "community_code": "",
    "latitude": "18.7502",
    "longitude": "-72.8095"
  },
  {
    "country_code": "HT",
    "zipcode": "HT5230",
    "place": "Boucan-Carré",
    "state": "Centre",
    "state_code": "07",
    "province": "",
    "province_code": "",
    "community": "",
    "community_code": "",
    "latitude": "18.9033",
    "longitude": "-72.0392"
  },
  {
    "country_code": "HT",
    "zipcode": "HT5231",
    "place": "Péligre",
    "state": "Centre",
    "state_code": "07",
    "province": "",
    "province_code": "",
    "community": "",
    "community_code": "",
    "latitude": "18.9033",
    "longitude": "-72.0392"
  },
  {
    "country_code": "HT",
    "zipcode": "HT5310",
    "place": "Lascahobas",
    "state": "Centre",
    "state_code": "07",
    "province": "",
    "province_code": "",
    "community": "",
    "community_code": "",
    "latitude": "18.8305",
    "longitude": "-71.9356"
  },
  {
    "country_code": "HT",
    "zipcode": "HT5320",
    "place": "Belladère",
    "state": "Centre",
    "state_code": "07",
    "province": "",
    "province_code": "",
    "community": "",
    "community_code": "",
    "latitude": "18.8679",
    "longitude": "-71.7622"
  },
  {
    "country_code": "HT",
    "zipcode": "HT5321",
    "place": "Baptiste",
    "state": "Centre",
    "state_code": "07",
    "province": "",
    "province_code": "",
    "community": "",
    "community_code": "",
    "latitude": "18.7976",
    "longitude": "-71.7831"
  },
  {
    "country_code": "HT",
    "zipcode": "HT5330",
    "place": "Savanette",
    "state": "Centre",
    "state_code": "07",
    "province": "",
    "province_code": "",
    "community": "",
    "community_code": "",
    "latitude": "18.7443",
    "longitude": "-71.8219"
  },
  {
    "country_code": "HT",
    "zipcode": "HT5410",
    "place": "Cerca-la-Source",
    "state": "Centre",
    "state_code": "07",
    "province": "",
    "province_code": "",
    "community": "",
    "community_code": "",
    "latitude": "19.1887",
    "longitude": "-71.7308"
  },
  {
    "country_code": "HT",
    "zipcode": "HT5411",
    "place": "Saltadère",
    "state": "Centre",
    "state_code": "07",
    "province": "",
    "province_code": "",
    "community": "",
    "community_code": "",
    "latitude": "19.1342",
    "longitude": "-71.7327"
  },
  {
    "country_code": "HT",
    "zipcode": "HT5412",
    "place": "Lamielle",
    "state": "Centre",
    "state_code": "07",
    "province": "",
    "province_code": "",
    "community": "",
    "community_code": "",
    "latitude": "19.2432",
    "longitude": "-71.7288"
  },
  {
    "country_code": "HT",
    "zipcode": "HT5420",
    "place": "Thomassique",
    "state": "Centre",
    "state_code": "07",
    "province": "",
    "province_code": "",
    "community": "",
    "community_code": "",
    "latitude": "19.0821",
    "longitude": "-71.8385"
  },
  {
    "country_code": "HT",
    "zipcode": "HT1110",
    "place": "Cap-Haïtien (la ville)",
    "state": "Nord",
    "state_code": "09",
    "province": "",
    "province_code": "",
    "community": "",
    "community_code": "",
    "latitude": "19.7394",
    "longitude": "-72.1825"
  },
  {
    "country_code": "HT",
    "zipcode": "HT1111",
    "place": "Bande-du-Nord (quartier du Cap)",
    "state": "Nord",
    "state_code": "09",
    "province": "",
    "province_code": "",
    "community": "",
    "community_code": "",
    "latitude": "19.7394",
    "longitude": "-72.1825"
  },
  {
    "country_code": "HT",
    "zipcode": "HT1112",
    "place": "Labadie (quartier du Cap)",
    "state": "Nord",
    "state_code": "09",
    "province": "",
    "province_code": "",
    "community": "",
    "community_code": "",
    "latitude": "19.7394",
    "longitude": "-72.1825"
  },
  {
    "country_code": "HT",
    "zipcode": "HT1113",
    "place": "Haut-du-Cap (quartier du Cap)",
    "state": "Nord",
    "state_code": "09",
    "province": "",
    "province_code": "",
    "community": "",
    "community_code": "",
    "latitude": "19.7394",
    "longitude": "-72.1825"
  },
  {
    "country_code": "HT",
    "zipcode": "HT1114",
    "place": "Petite-Anse",
    "state": "Nord",
    "state_code": "09",
    "province": "",
    "province_code": "",
    "community": "",
    "community_code": "",
    "latitude": "19.7394",
    "longitude": "-72.1825"
  },
  {
    "country_code": "HT",
    "zipcode": "HT1120",
    "place": "Quartier-Morin",
    "state": "Nord",
    "state_code": "09",
    "province": "",
    "province_code": "",
    "community": "",
    "community_code": "",
    "latitude": "19.697",
    "longitude": "-72.1571"
  },
  {
    "country_code": "HT",
    "zipcode": "HT1130",
    "place": "Limonade",
    "state": "Nord",
    "state_code": "09",
    "province": "",
    "province_code": "",
    "community": "",
    "community_code": "",
    "latitude": "19.6701",
    "longitude": "-72.1243"
  },
  {
    "country_code": "HT",
    "zipcode": "HT1210",
    "place": "Acul-du-Nord",
    "state": "Nord",
    "state_code": "09",
    "province": "",
    "province_code": "",
    "community": "",
    "community_code": "",
    "latitude": "19.6052",
    "longitude": "-72.3522"
  },
  {
    "country_code": "HT",
    "zipcode": "HT1211",
    "place": "La Soufrière",
    "state": "Nord",
    "state_code": "09",
    "province": "",
    "province_code": "",
    "community": "",
    "community_code": "",
    "latitude": "19.6052",
    "longitude": "-72.3522"
  },
  {
    "country_code": "HT",
    "zipcode": "HT1220",
    "place": "Plaine-du-Nord",
    "state": "Nord",
    "state_code": "09",
    "province": "",
    "province_code": "",
    "community": "",
    "community_code": "",
    "latitude": "19.612",
    "longitude": "-72.2607"
  },
  {
    "country_code": "HT",
    "zipcode": "HT1221",
    "place": "Robillard",
    "state": "Nord",
    "state_code": "09",
    "province": "",
    "province_code": "",
    "community": "",
    "community_code": "",
    "latitude": "19.612",
    "longitude": "-72.2607"
  },
  {
    "country_code": "HT",
    "zipcode": "HT1230",
    "place": "Milot",
    "state": "Nord",
    "state_code": "09",
    "province": "",
    "province_code": "",
    "community": "",
    "community_code": "",
    "latitude": "19.6084",
    "longitude": "-72.2132"
  },
  {
    "country_code": "HT",
    "zipcode": "HT1231",
    "place": "Carrefour-des-Pères",
    "state": "Nord",
    "state_code": "09",
    "province": "",
    "province_code": "",
    "community": "",
    "community_code": "",
    "latitude": "19.685",
    "longitude": "-72.2047"
  },
  {
    "country_code": "HT",
    "zipcode": "HT1310",
    "place": "Grande-Rivière-du-Nord",
    "state": "Nord",
    "state_code": "09",
    "province": "",
    "province_code": "",
    "community": "",
    "community_code": "",
    "latitude": "19.631",
    "longitude": "-72.3013"
  },
  {
    "country_code": "HT",
    "zipcode": "HT1320",
    "place": "Barbon",
    "state": "Nord",
    "state_code": "09",
    "province": "",
    "province_code": "",
    "community": "",
    "community_code": "",
    "latitude": "19.631",
    "longitude": "-72.3013"
  },
  {
    "country_code": "HT",
    "zipcode": "HT1410",
    "place": "Saint-Raphaël",
    "state": "Nord",
    "state_code": "09",
    "province": "",
    "province_code": "",
    "community": "",
    "community_code": "",
    "latitude": "19.4388",
    "longitude": "-72.1991"
  },
  {
    "country_code": "HT",
    "zipcode": "HT1420",
    "place": "Dondon",
    "state": "Nord",
    "state_code": "09",
    "province": "",
    "province_code": "",
    "community": "",
    "community_code": "",
    "latitude": "19.5273",
    "longitude": "-72.2434"
  },
  {
    "country_code": "HT",
    "zipcode": "HT1430",
    "place": "Ranquitte",
    "state": "Nord",
    "state_code": "09",
    "province": "",
    "province_code": "",
    "community": "",
    "community_code": "",
    "latitude": "19.4133",
    "longitude": "-72.0808"
  },
  {
    "country_code": "HT",
    "zipcode": "HT1440",
    "place": "Pignon",
    "state": "Nord",
    "state_code": "09",
    "province": "",
    "province_code": "",
    "community": "",
    "community_code": "",
    "latitude": "19.3359",
    "longitude": "-72.1166"
  },
  {
    "country_code": "HT",
    "zipcode": "HT1450",
    "place": "La Victoire",
    "state": "Nord",
    "state_code": "09",
    "province": "",
    "province_code": "",
    "community": "",
    "community_code": "",
    "latitude": "19.3375",
    "longitude": "-72.0206"
  },
  {
    "country_code": "HT",
    "zipcode": "HT1510",
    "place": "Borgne",
    "state": "Nord",
    "state_code": "09",
    "province": "",
    "province_code": "",
    "community": "",
    "community_code": "",
    "latitude": "19.8451",
    "longitude": "-72.5235"
  },
  {
    "country_code": "HT",
    "zipcode": "HT1511",
    "place": "Petit-Bourg-de-Borgne",
    "state": "Nord",
    "state_code": "09",
    "province": "",
    "province_code": "",
    "community": "",
    "community_code": "",
    "latitude": "19.8451",
    "longitude": "-72.5235"
  },
  {
    "country_code": "HT",
    "zipcode": "HT1517",
    "place": "Côte-de-Fer et Fond",
    "state": "Nord",
    "state_code": "09",
    "province": "",
    "province_code": "",
    "community": "",
    "community_code": "",
    "latitude": "19.8451",
    "longitude": "-72.5235"
  },
  {
    "country_code": "HT",
    "zipcode": "HT1520",
    "place": "Port-Margot",
    "state": "Nord",
    "state_code": "09",
    "province": "",
    "province_code": "",
    "community": "",
    "community_code": "",
    "latitude": "19.7518",
    "longitude": "-72.4301"
  },
  {
    "country_code": "HT",
    "zipcode": "HT1521",
    "place": "Bayeux",
    "state": "Nord",
    "state_code": "09",
    "province": "",
    "province_code": "",
    "community": "",
    "community_code": "",
    "latitude": "19.808",
    "longitude": "-72.4321"
  },
  {
    "country_code": "HT",
    "zipcode": "HT1522",
    "place": "Margot",
    "state": "Nord",
    "state_code": "09",
    "province": "",
    "province_code": "",
    "community": "",
    "community_code": "",
    "latitude": "19.8036",
    "longitude": "-72.5428"
  },
  {
    "country_code": "HT",
    "zipcode": "HT1610",
    "place": "Limbé",
    "state": "Nord",
    "state_code": "09",
    "province": "",
    "province_code": "",
    "community": "",
    "community_code": "",
    "latitude": "19.706",
    "longitude": "-72.4034"
  },
  {
    "country_code": "HT",
    "zipcode": "HT1611",
    "place": "Camp-Coq",
    "state": "Nord",
    "state_code": "09",
    "province": "",
    "province_code": "",
    "community": "",
    "community_code": "",
    "latitude": "19.6333",
    "longitude": "-72.4333"
  },
  {
    "country_code": "HT",
    "zipcode": "HT1620",
    "place": "Bas-Limbé",
    "state": "Nord",
    "state_code": "09",
    "province": "",
    "province_code": "",
    "community": "",
    "community_code": "",
    "latitude": "19.7684",
    "longitude": "-72.3847"
  },
  {
    "country_code": "HT",
    "zipcode": "HT1710",
    "place": "Plaisance",
    "state": "Nord",
    "state_code": "09",
    "province": "",
    "province_code": "",
    "community": "",
    "community_code": "",
    "latitude": "19.598",
    "longitude": "-72.4699"
  },
  {
    "country_code": "HT",
    "zipcode": "HT1720",
    "place": "Pilate",
    "state": "Nord",
    "state_code": "09",
    "province": "",
    "province_code": "",
    "community": "",
    "community_code": "",
    "latitude": "19.6675",
    "longitude": "-72.5523"
  },
  {
    "country_code": "HT",
    "zipcode": "HT1723",
    "place": "Ravine-Trompette",
    "state": "Nord",
    "state_code": "09",
    "province": "",
    "province_code": "",
    "community": "",
    "community_code": "",
    "latitude": "19.6675",
    "longitude": "-72.5523"
  },
  {
    "country_code": "HT",
    "zipcode": "HT2110",
    "place": "Fort-Liberté",
    "state": "Nord-Est",
    "state_code": "10",
    "province": "",
    "province_code": "",
    "community": "",
    "community_code": "",
    "latitude": "19.5868",
    "longitude": "-71.8483"
  },
  {
    "country_code": "HT",
    "zipcode": "HT2111",
    "place": "Dérac",
    "state": "Nord-Est",
    "state_code": "10",
    "province": "",
    "province_code": "",
    "community": "",
    "community_code": "",
    "latitude": "19.6548",
    "longitude": "-71.8145"
  },
  {
    "country_code": "HT",
    "zipcode": "HT2112",
    "place": "Acul Samedi",
    "state": "Nord-Est",
    "state_code": "10",
    "province": "",
    "province_code": "",
    "community": "",
    "community_code": "",
    "latitude": "19.5188",
    "longitude": "-71.8821"
  },
  {
    "country_code": "HT",
    "zipcode": "HT2120",
    "place": "Ferrier",
    "state": "Nord-Est",
    "state_code": "10",
    "province": "",
    "province_code": "",
    "community": "",
    "community_code": "",
    "latitude": "19.6155",
    "longitude": "-71.7779"
  },
  {
    "country_code": "HT",
    "zipcode": "HT2121",
    "place": "Maribahoux",
    "state": "Nord-Est",
    "state_code": "10",
    "province": "",
    "province_code": "",
    "community": "",
    "community_code": "",
    "latitude": "19.6155",
    "longitude": "-71.7779"
  },
  {
    "country_code": "HT",
    "zipcode": "HT2130",
    "place": "Perches",
    "state": "Nord-Est",
    "state_code": "10",
    "province": "",
    "province_code": "",
    "community": "",
    "community_code": "",
    "latitude": "19.522",
    "longitude": "-71.9232"
  },
  {
    "country_code": "HT",
    "zipcode": "HT2210",
    "place": "Ouanaminthe",
    "state": "Nord-Est",
    "state_code": "10",
    "province": "",
    "province_code": "",
    "community": "",
    "community_code": "",
    "latitude": "19.5493",
    "longitude": "-71.7248"
  },
  {
    "country_code": "HT",
    "zipcode": "HT2220",
    "place": "Capotille",
    "state": "Nord-Est",
    "state_code": "10",
    "province": "",
    "province_code": "",
    "community": "",
    "community_code": "",
    "latitude": "19.448",
    "longitude": "-71.6929"
  },
  {
    "country_code": "HT",
    "zipcode": "HT2230",
    "place": "Mont-Organisé",
    "state": "Nord-Est",
    "state_code": "10",
    "province": "",
    "province_code": "",
    "community": "",
    "community_code": "",
    "latitude": "19.4082",
    "longitude": "-71.7813"
  },
  {
    "country_code": "HT",
    "zipcode": "HT2310",
    "place": "Trou-duNord",
    "state": "Nord-Est",
    "state_code": "10",
    "province": "",
    "province_code": "",
    "community": "",
    "community_code": "",
    "latitude": "19.6231",
    "longitude": "-71.9885"
  },
  {
    "country_code": "HT",
    "zipcode": "HT2320",
    "place": "Sainte-Suzanne",
    "state": "Nord-Est",
    "state_code": "10",
    "province": "",
    "province_code": "",
    "community": "",
    "community_code": "",
    "latitude": "19.5834",
    "longitude": "-72.0889"
  },
  {
    "country_code": "HT",
    "zipcode": "HT2321",
    "place": "Dupity",
    "state": "Nord-Est",
    "state_code": "10",
    "province": "",
    "province_code": "",
    "community": "",
    "community_code": "",
    "latitude": "19.4833",
    "longitude": "-72.05"
  },
  {
    "country_code": "HT",
    "zipcode": "HT2330",
    "place": "Terrier-Rouge",
    "state": "Nord-Est",
    "state_code": "10",
    "province": "",
    "province_code": "",
    "community": "",
    "community_code": "",
    "latitude": "19.6363",
    "longitude": "-71.9548"
  },
  {
    "country_code": "HT",
    "zipcode": "HT2331",
    "place": "Phaëton",
    "state": "Nord-Est",
    "state_code": "10",
    "province": "",
    "province_code": "",
    "community": "",
    "community_code": "",
    "latitude": "19.6753",
    "longitude": "-71.8969"
  },
  {
    "country_code": "HT",
    "zipcode": "HT2332",
    "place": "Paulette",
    "state": "Nord-Est",
    "state_code": "10",
    "province": "",
    "province_code": "",
    "community": "",
    "community_code": "",
    "latitude": "19.6676",
    "longitude": "-71.9232"
  },
  {
    "country_code": "HT",
    "zipcode": "HT2340",
    "place": "Caracol",
    "state": "Nord-Est",
    "state_code": "10",
    "province": "",
    "province_code": "",
    "community": "",
    "community_code": "",
    "latitude": "19.6927",
    "longitude": "-72.0173"
  },
  {
    "country_code": "HT",
    "zipcode": "HT2410",
    "place": "Vallières",
    "state": "Nord-Est",
    "state_code": "10",
    "province": "",
    "province_code": "",
    "community": "",
    "community_code": "",
    "latitude": "19.4355",
    "longitude": "-71.9209"
  },
  {
    "country_code": "HT",
    "zipcode": "HT2411",
    "place": "Grosse-Roche",
    "state": "Nord-Est",
    "state_code": "10",
    "province": "",
    "province_code": "",
    "community": "",
    "community_code": "",
    "latitude": "19.4355",
    "longitude": "-71.9209"
  },
  {
    "country_code": "HT",
    "zipcode": "HT2420",
    "place": "Carice",
    "state": "Nord-Est",
    "state_code": "10",
    "province": "",
    "province_code": "",
    "community": "",
    "community_code": "",
    "latitude": "19.3779",
    "longitude": "-71.8303"
  },
  {
    "country_code": "HT",
    "zipcode": "HT2430",
    "place": "Mombin-Crochu",
    "state": "Nord-Est",
    "state_code": "10",
    "province": "",
    "province_code": "",
    "community": "",
    "community_code": "",
    "latitude": "19.3688",
    "longitude": "-71.9824"
  },
  {
    "country_code": "HT",
    "zipcode": "HT2431",
    "place": "Bois-Laurence",
    "state": "Nord-Est",
    "state_code": "10",
    "province": "",
    "province_code": "",
    "community": "",
    "community_code": "",
    "latitude": "19.3281",
    "longitude": "-71.8625"
  },
  {
    "country_code": "HT",
    "zipcode": "HT3408",
    "place": "Puits Blain 38",
    "state": "Ouest",
    "state_code": "11",
    "province": "",
    "province_code": "",
    "community": "",
    "community_code": "",
    "latitude": "19.8843",
    "longitude": "-72.8844"
  },
  {
    "country_code": "HT",
    "zipcode": "HT6110",
    "place": "Port-au-Prince",
    "state": "Ouest",
    "state_code": "11",
    "province": "",
    "province_code": "",
    "community": "",
    "community_code": "",
    "latitude": "18.5435",
    "longitude": "-72.3388"
  },
  {
    "country_code": "HT",
    "zipcode": "HT6111",
    "place": "Bel-Air et Bourdon",
    "state": "Ouest",
    "state_code": "11",
    "province": "",
    "province_code": "",
    "community": "",
    "community_code": "",
    "latitude": "18.5333",
    "longitude": "-72.3374"
  },
  {
    "country_code": "HT",
    "zipcode": "HT6113",
    "place": "Turgeau",
    "state": "Ouest",
    "state_code": "11",
    "province": "",
    "province_code": "",
    "community": "",
    "community_code": "",
    "latitude": "18.5347",
    "longitude": "-72.3317"
  },
  {
    "country_code": "HT",
    "zipcode": "HT6114",
    "place": "Bois Verna",
    "state": "Ouest",
    "state_code": "11",
    "province": "",
    "province_code": "",
    "community": "",
    "community_code": "",
    "latitude": "18.5364",
    "longitude": "-72.33"
  },
  {
    "country_code": "HT",
    "zipcode": "HT6115",
    "place": "Lalue",
    "state": "Ouest",
    "state_code": "11",
    "province": "",
    "province_code": "",
    "community": "",
    "community_code": "",
    "latitude": "18.5333",
    "longitude": "-72.3374"
  },
  {
    "country_code": "HT",
    "zipcode": "HT6116",
    "place": "Carrefour Feuilles",
    "state": "Ouest",
    "state_code": "11",
    "province": "",
    "province_code": "",
    "community": "",
    "community_code": "",
    "latitude": "18.5231",
    "longitude": "-72.3378"
  },
  {
    "country_code": "HT",
    "zipcode": "HT6117",
    "place": "Morne de l’Hôpital",
    "state": "Ouest",
    "state_code": "11",
    "province": "",
    "province_code": "",
    "community": "",
    "community_code": "",
    "latitude": "18.5333",
    "longitude": "-72.3374"
  },
  {
    "country_code": "HT",
    "zipcode": "HT6118",
    "place": "Bolosse",
    "state": "Ouest",
    "state_code": "11",
    "province": "",
    "province_code": "",
    "community": "",
    "community_code": "",
    "latitude": "18.5286",
    "longitude": "-72.3489"
  },
  {
    "country_code": "HT",
    "zipcode": "HT6119",
    "place": "Martissant et Fontamara",
    "state": "Ouest",
    "state_code": "11",
    "province": "",
    "province_code": "",
    "community": "",
    "community_code": "",
    "latitude": "18.5333",
    "longitude": "-72.3374"
  },
  {
    "country_code": "HT",
    "zipcode": "HT6120",
    "place": "Delmas",
    "state": "Ouest",
    "state_code": "11",
    "province": "",
    "province_code": "",
    "community": "",
    "community_code": "",
    "latitude": "18.5201",
    "longitude": "-72.4911"
  },
  {
    "country_code": "HT",
    "zipcode": "HT6121",
    "place": "Varreux",
    "state": "Ouest",
    "state_code": "11",
    "province": "",
    "province_code": "",
    "community": "",
    "community_code": "",
    "latitude": "18.3833",
    "longitude": "-72.85"
  },
  {
    "country_code": "HT",
    "zipcode": "HT6122",
    "place": "Cité soleil",
    "state": "Ouest",
    "state_code": "11",
    "province": "",
    "province_code": "",
    "community": "",
    "community_code": "",
    "latitude": "18.5803",
    "longitude": "-72.3381"
  },
  {
    "country_code": "HT",
    "zipcode": "HT6123",
    "place": "Tabarre (zone1)",
    "state": "Ouest",
    "state_code": "11",
    "province": "",
    "province_code": "",
    "community": "",
    "community_code": "",
    "latitude": "18.5201",
    "longitude": "-72.4911"
  },
  {
    "country_code": "HT",
    "zipcode": "HT6123",
    "place": "Maïs Gâté, Tabarre zone 1",
    "state": "Ouest",
    "state_code": "11",
    "province": "",
    "province_code": "",
    "community": "",
    "community_code": "",
    "latitude": "18.5201",
    "longitude": "-72.4911"
  },
  {
    "country_code": "HT",
    "zipcode": "HT6124",
    "place": "Petite Place Cazeau, Tabarre zone 2",
    "state": "Ouest",
    "state_code": "11",
    "province": "",
    "province_code": "",
    "community": "",
    "community_code": "",
    "latitude": "18.5201",
    "longitude": "-72.4911"
  },
  {
    "country_code": "HT",
    "zipcode": "HT6124",
    "place": "Tabarre (zone2)",
    "state": "Ouest",
    "state_code": "11",
    "province": "",
    "province_code": "",
    "community": "",
    "community_code": "",
    "latitude": "18.5201",
    "longitude": "-72.4911"
  },
  {
    "country_code": "HT",
    "zipcode": "HT6125",
    "place": "Croix-des-Missions",
    "state": "Ouest",
    "state_code": "11",
    "province": "",
    "province_code": "",
    "community": "",
    "community_code": "",
    "latitude": "18.5968",
    "longitude": "-72.2852"
  },
  {
    "country_code": "HT",
    "zipcode": "HT6130",
    "place": "Carrefour",
    "state": "Ouest",
    "state_code": "11",
    "province": "",
    "province_code": "",
    "community": "",
    "community_code": "",
    "latitude": "18.5411",
    "longitude": "-72.3992"
  },
  {
    "country_code": "HT",
    "zipcode": "HT6131",
    "place": "Bizoton",
    "state": "Ouest",
    "state_code": "11",
    "province": "",
    "province_code": "",
    "community": "",
    "community_code": "",
    "latitude": "18.5298",
    "longitude": "-72.3777"
  },
  {
    "country_code": "HT",
    "zipcode": "HT6132",
    "place": "Diquini, Thor",
    "state": "Ouest",
    "state_code": "11",
    "province": "",
    "province_code": "",
    "community": "",
    "community_code": "",
    "latitude": "18.5406",
    "longitude": "-72.4171"
  },
  {
    "country_code": "HT",
    "zipcode": "HT6133",
    "place": "Côte-Page, Mahotière",
    "state": "Ouest",
    "state_code": "11",
    "province": "",
    "province_code": "",
    "community": "",
    "community_code": "",
    "latitude": "18.5406",
    "longitude": "-72.4171"
  },
  {
    "country_code": "HT",
    "zipcode": "HT6134",
    "place": "Warney",
    "state": "Ouest",
    "state_code": "11",
    "province": "",
    "province_code": "",
    "community": "",
    "community_code": "",
    "latitude": "18.5425",
    "longitude": "-72.3986"
  },
  {
    "country_code": "HT",
    "zipcode": "HT6134",
    "place": "Arcachon",
    "state": "Ouest",
    "state_code": "11",
    "province": "",
    "province_code": "",
    "community": "",
    "community_code": "",
    "latitude": "18.5425",
    "longitude": "-72.3986"
  },
  {
    "country_code": "HT",
    "zipcode": "HT6135",
    "place": "Brochette",
    "state": "Ouest",
    "state_code": "11",
    "province": "",
    "province_code": "",
    "community": "",
    "community_code": "",
    "latitude": "18.5358",
    "longitude": "-72.4175"
  },
  {
    "country_code": "HT",
    "zipcode": "HT6136",
    "place": "Merger",
    "state": "Ouest",
    "state_code": "11",
    "province": "",
    "province_code": "",
    "community": "",
    "community_code": "",
    "latitude": "18.5415",
    "longitude": "-72.4902"
  },
  {
    "country_code": "HT",
    "zipcode": "HT6136",
    "place": "Lamentin",
    "state": "Ouest",
    "state_code": "11",
    "province": "",
    "province_code": "",
    "community": "",
    "community_code": "",
    "latitude": "18.5521",
    "longitude": "-72.4089"
  },
  {
    "country_code": "HT",
    "zipcode": "HT6136",
    "place": "Mariani",
    "state": "Ouest",
    "state_code": "11",
    "province": "",
    "province_code": "",
    "community": "",
    "community_code": "",
    "latitude": "18.5414",
    "longitude": "-72.4278"
  },
  {
    "country_code": "HT",
    "zipcode": "HT6140",
    "place": "Pétion-Ville",
    "state": "Ouest",
    "state_code": "11",
    "province": "",
    "province_code": "",
    "community": "",
    "community_code": "",
    "latitude": "18.5125",
    "longitude": "-72.2853"
  },
  {
    "country_code": "HT",
    "zipcode": "HT6141",
    "place": "Frères, pergnier,peguy-ville",
    "state": "Ouest",
    "state_code": "11",
    "province": "",
    "province_code": "",
    "community": "",
    "community_code": "",
    "latitude": "18.4966",
    "longitude": "-72.2896"
  },
  {
    "country_code": "HT",
    "zipcode": "HT6142",
    "place": "Pèlerin",
    "state": "Ouest",
    "state_code": "11",
    "province": "",
    "province_code": "",
    "community": "",
    "community_code": "",
    "latitude": "18.5042",
    "longitude": "-72.2958"
  },
  {
    "country_code": "HT",
    "zipcode": "HT6143",
    "place": "Tête de l’Eau",
    "state": "Ouest",
    "state_code": "11",
    "province": "",
    "province_code": "",
    "community": "",
    "community_code": "",
    "latitude": "18.5",
    "longitude": "-72.2833"
  },
  {
    "country_code": "HT",
    "zipcode": "HT6144",
    "place": "Laboule",
    "state": "Ouest",
    "state_code": "11",
    "province": "",
    "province_code": "",
    "community": "",
    "community_code": "",
    "latitude": "18.4966",
    "longitude": "-72.2896"
  },
  {
    "country_code": "HT",
    "zipcode": "HT6145",
    "place": "Thomassin",
    "state": "Ouest",
    "state_code": "11",
    "province": "",
    "province_code": "",
    "community": "",
    "community_code": "",
    "latitude": "18.4966",
    "longitude": "-72.2896"
  },
  {
    "country_code": "HT",
    "zipcode": "HT6146",
    "place": "Fermathe",
    "state": "Ouest",
    "state_code": "11",
    "province": "",
    "province_code": "",
    "community": "",
    "community_code": "",
    "latitude": "18.4696",
    "longitude": "-72.294"
  },
  {
    "country_code": "HT",
    "zipcode": "HT6147",
    "place": "Pergnier",
    "state": "Ouest",
    "state_code": "11",
    "province": "",
    "province_code": "",
    "community": "",
    "community_code": "",
    "latitude": "18.4966",
    "longitude": "-72.2896"
  },
  {
    "country_code": "HT",
    "zipcode": "HT6150",
    "place": "Kenscoff",
    "state": "Ouest",
    "state_code": "11",
    "province": "",
    "province_code": "",
    "community": "",
    "community_code": "",
    "latitude": "18.4477",
    "longitude": "-72.284"
  },
  {
    "country_code": "HT",
    "zipcode": "HT6160",
    "place": "Gressier",
    "state": "Ouest",
    "state_code": "11",
    "province": "",
    "province_code": "",
    "community": "",
    "community_code": "",
    "latitude": "18.5409",
    "longitude": "-72.5268"
  },
  {
    "country_code": "HT",
    "zipcode": "HT6210",
    "place": "Léogâne",
    "state": "Ouest",
    "state_code": "11",
    "province": "",
    "province_code": "",
    "community": "",
    "community_code": "",
    "latitude": "18.5111",
    "longitude": "-72.6334"
  },
  {
    "country_code": "HT",
    "zipcode": "HT6211",
    "place": "Trouin",
    "state": "Ouest",
    "state_code": "11",
    "province": "",
    "province_code": "",
    "community": "",
    "community_code": "",
    "latitude": "18.3651",
    "longitude": "-72.6557"
  },
  {
    "country_code": "HT",
    "zipcode": "HT6212",
    "place": "Orangers",
    "state": "Ouest",
    "state_code": "11",
    "province": "",
    "province_code": "",
    "community": "",
    "community_code": "",
    "latitude": "18.4438",
    "longitude": "-72.5467"
  },
  {
    "country_code": "HT",
    "zipcode": "HT6220",
    "place": "PetitGoâve",
    "state": "Ouest",
    "state_code": "11",
    "province": "",
    "province_code": "",
    "community": "",
    "community_code": "",
    "latitude": "18.4194",
    "longitude": "-72.9334"
  },
  {
    "country_code": "HT",
    "zipcode": "HT6221",
    "place": "Vialet",
    "state": "Ouest",
    "state_code": "11",
    "province": "",
    "province_code": "",
    "community": "",
    "community_code": "",
    "latitude": "18.4194",
    "longitude": "-72.9334"
  },
  {
    "country_code": "HT",
    "zipcode": "HT6230",
    "place": "Grand Goâve",
    "state": "Ouest",
    "state_code": "11",
    "province": "",
    "province_code": "",
    "community": "",
    "community_code": "",
    "latitude": "18.4259",
    "longitude": "-72.7699"
  },
  {
    "country_code": "HT",
    "zipcode": "HT6310",
    "place": "Croix-des-Bouquets",
    "state": "Ouest",
    "state_code": "11",
    "province": "",
    "province_code": "",
    "community": "",
    "community_code": "",
    "latitude": "18.5768",
    "longitude": "-72.2262"
  },
  {
    "country_code": "HT",
    "zipcode": "HT6311",
    "place": "Santo",
    "state": "Ouest",
    "state_code": "11",
    "province": "",
    "province_code": "",
    "community": "",
    "community_code": "",
    "latitude": "18.6025",
    "longitude": "-72.264"
  },
  {
    "country_code": "HT",
    "zipcode": "HT6312",
    "place": "Bon Repos",
    "state": "Ouest",
    "state_code": "11",
    "province": "",
    "province_code": "",
    "community": "",
    "community_code": "",
    "latitude": "18.6278",
    "longitude": "-72.2693"
  },
  {
    "country_code": "HT",
    "zipcode": "HT6320",
    "place": "Thomazeau",
    "state": "Ouest",
    "state_code": "11",
    "province": "",
    "province_code": "",
    "community": "",
    "community_code": "",
    "latitude": "18.653",
    "longitude": "-72.0939"
  },
  {
    "country_code": "HT",
    "zipcode": "HT6330",
    "place": "Ganthier",
    "state": "Ouest",
    "state_code": "11",
    "province": "",
    "province_code": "",
    "community": "",
    "community_code": "",
    "latitude": "18.5316",
    "longitude": "-72.0633"
  },
  {
    "country_code": "HT",
    "zipcode": "HT6330",
    "place": "Cornillon",
    "state": "Ouest",
    "state_code": "11",
    "province": "",
    "province_code": "",
    "community": "",
    "community_code": "",
    "latitude": "18.6755",
    "longitude": "-71.9527"
  },
  {
    "country_code": "HT",
    "zipcode": "HT6331",
    "place": "Fonds Parisien et Galette Bonbon",
    "state": "Ouest",
    "state_code": "11",
    "province": "",
    "province_code": "",
    "community": "",
    "community_code": "",
    "latitude": "18.6035",
    "longitude": "-72.008"
  },
  {
    "country_code": "HT",
    "zipcode": "HT6340",
    "place": "Fonds Verettes",
    "state": "Ouest",
    "state_code": "11",
    "province": "",
    "province_code": "",
    "community": "",
    "community_code": "",
    "latitude": "18.3957",
    "longitude": "-71.8563"
  },
  {
    "country_code": "HT",
    "zipcode": "HT6410",
    "place": "Arcahaie",
    "state": "Ouest",
    "state_code": "11",
    "province": "",
    "province_code": "",
    "community": "",
    "community_code": "",
    "latitude": "18.7702",
    "longitude": "-72.5123"
  },
  {
    "country_code": "HT",
    "zipcode": "HT6411",
    "place": "Saintard",
    "state": "Ouest",
    "state_code": "11",
    "province": "",
    "province_code": "",
    "community": "",
    "community_code": "",
    "latitude": "18.8253",
    "longitude": "-72.5496"
  },
  {
    "country_code": "HT",
    "zipcode": "HT6420",
    "place": "Cabaret",
    "state": "Ouest",
    "state_code": "11",
    "province": "",
    "province_code": "",
    "community": "",
    "community_code": "",
    "latitude": "18.7358",
    "longitude": "-72.4193"
  },
  {
    "country_code": "HT",
    "zipcode": "HT6421",
    "place": "Casale",
    "state": "Ouest",
    "state_code": "11",
    "province": "",
    "province_code": "",
    "community": "",
    "community_code": "",
    "latitude": "18.7999",
    "longitude": "-72.3828"
  },
  {
    "country_code": "HT",
    "zipcode": "HT6510",
    "place": "Anse à Galets (La Gonâve)",
    "state": "Ouest",
    "state_code": "11",
    "province": "",
    "province_code": "",
    "community": "",
    "community_code": "",
    "latitude": "18.8345",
    "longitude": "-72.8664"
  },
  {
    "country_code": "HT",
    "zipcode": "HT6520",
    "place": "Pointe à Raquette (La Gonâve)",
    "state": "Ouest",
    "state_code": "11",
    "province": "",
    "province_code": "",
    "community": "",
    "community_code": "",
    "latitude": "18.8345",
    "longitude": "-72.8664"
  },
  {
    "country_code": "HT",
    "zipcode": "HT8110",
    "place": "Les Cayes",
    "state": "Sud",
    "state_code": "12",
    "province": "",
    "province_code": "",
    "community": "",
    "community_code": "",
    "latitude": "18.1933",
    "longitude": "-73.746"
  },
  {
    "country_code": "HT",
    "zipcode": "HT8120",
    "place": "Torbeck",
    "state": "Sud",
    "state_code": "12",
    "province": "",
    "province_code": "",
    "community": "",
    "community_code": "",
    "latitude": "18.1634",
    "longitude": "-73.8095"
  },
  {
    "country_code": "HT",
    "zipcode": "HT8121",
    "place": "puits Blain",
    "state": "Sud",
    "state_code": "12",
    "province": "",
    "province_code": "",
    "community": "",
    "community_code": "",
    "latitude": "18.1978",
    "longitude": "-73.847"
  },
  {
    "country_code": "HT",
    "zipcode": "HT8122",
    "place": "Ducis",
    "state": "Sud",
    "state_code": "12",
    "province": "",
    "province_code": "",
    "community": "",
    "community_code": "",
    "latitude": "18.2323",
    "longitude": "-73.8846"
  },
  {
    "country_code": "HT",
    "zipcode": "HT8130",
    "place": "Chantal",
    "state": "Sud",
    "state_code": "12",
    "province": "",
    "province_code": "",
    "community": "",
    "community_code": "",
    "latitude": "18.2017",
    "longitude": "-73.8896"
  },
  {
    "country_code": "HT",
    "zipcode": "HT8140",
    "place": "Camp Perrin",
    "state": "Sud",
    "state_code": "12",
    "province": "",
    "province_code": "",
    "community": "",
    "community_code": "",
    "latitude": "18.3265",
    "longitude": "-73.8673"
  },
  {
    "country_code": "HT",
    "zipcode": "HT8150",
    "place": "Maniche",
    "state": "Sud",
    "state_code": "12",
    "province": "",
    "province_code": "",
    "community": "",
    "community_code": "",
    "latitude": "18.345",
    "longitude": "-73.7772"
  },
  {
    "country_code": "HT",
    "zipcode": "HT8160",
    "place": "L’Ïle à Vaches",
    "state": "Sud",
    "state_code": "12",
    "province": "",
    "province_code": "",
    "community": "",
    "community_code": "",
    "latitude": "18.2437",
    "longitude": "-73.829"
  },
  {
    "country_code": "HT",
    "zipcode": "HT8210",
    "place": "Port-Salut",
    "state": "Sud",
    "state_code": "12",
    "province": "",
    "province_code": "",
    "community": "",
    "community_code": "",
    "latitude": "18.077",
    "longitude": "-73.9173"
  },
  {
    "country_code": "HT",
    "zipcode": "HT8220",
    "place": "Saint Jean du Sud",
    "state": "Sud",
    "state_code": "12",
    "province": "",
    "province_code": "",
    "community": "",
    "community_code": "",
    "latitude": "18.0761",
    "longitude": "-73.8125"
  },
  {
    "country_code": "HT",
    "zipcode": "HT8230",
    "place": "Arniquet",
    "state": "Sud",
    "state_code": "12",
    "province": "",
    "province_code": "",
    "community": "",
    "community_code": "",
    "latitude": "18.1167",
    "longitude": "-73.9167"
  },
  {
    "country_code": "HT",
    "zipcode": "HT8310",
    "place": "Aquin",
    "state": "Sud",
    "state_code": "12",
    "province": "",
    "province_code": "",
    "community": "",
    "community_code": "",
    "latitude": "18.2797",
    "longitude": "-73.3943"
  },
  {
    "country_code": "HT",
    "zipcode": "HT8311",
    "place": "Fond-Des-Blancs",
    "state": "Sud",
    "state_code": "12",
    "province": "",
    "province_code": "",
    "community": "",
    "community_code": "",
    "latitude": "18.2982",
    "longitude": "-73.3222"
  },
  {
    "country_code": "HT",
    "zipcode": "HT8312",
    "place": "Vieux Bourg d’Aquin",
    "state": "Sud",
    "state_code": "12",
    "province": "",
    "province_code": "",
    "community": "",
    "community_code": "",
    "latitude": "18.2982",
    "longitude": "-73.3222"
  },
  {
    "country_code": "HT",
    "zipcode": "HT8313",
    "place": "La Colline",
    "state": "Sud",
    "state_code": "12",
    "province": "",
    "province_code": "",
    "community": "",
    "community_code": "",
    "latitude": "18.3167",
    "longitude": "-73.25"
  },
  {
    "country_code": "HT",
    "zipcode": "HT8320",
    "place": "Saint Louis du Sud",
    "state": "Sud",
    "state_code": "12",
    "province": "",
    "province_code": "",
    "community": "",
    "community_code": "",
    "latitude": "18.2624",
    "longitude": "-73.546"
  },
  {
    "country_code": "HT",
    "zipcode": "HT8330",
    "place": "Cavaillon",
    "state": "Sud",
    "state_code": "12",
    "province": "",
    "province_code": "",
    "community": "",
    "community_code": "",
    "latitude": "18.2999",
    "longitude": "-73.6546"
  },
  {
    "country_code": "HT",
    "zipcode": "HT8410",
    "place": "Côteaux",
    "state": "Sud",
    "state_code": "12",
    "province": "",
    "province_code": "",
    "community": "",
    "community_code": "",
    "latitude": "18.206",
    "longitude": "-74.0401"
  },
  {
    "country_code": "HT",
    "zipcode": "HT8411",
    "place": "Damassin",
    "state": "Sud",
    "state_code": "12",
    "province": "",
    "province_code": "",
    "community": "",
    "community_code": "",
    "latitude": "18.2333",
    "longitude": "-74.0667"
  },
  {
    "country_code": "HT",
    "zipcode": "HT8412",
    "place": "La Côte",
    "state": "Sud",
    "state_code": "12",
    "province": "",
    "province_code": "",
    "community": "",
    "community_code": "",
    "latitude": "18.2197",
    "longitude": "-74.0534"
  },
  {
    "country_code": "HT",
    "zipcode": "HT8420",
    "place": "Port à Piment",
    "state": "Sud",
    "state_code": "12",
    "province": "",
    "province_code": "",
    "community": "",
    "community_code": "",
    "latitude": "18.2496",
    "longitude": "-74.0971"
  },
  {
    "country_code": "HT",
    "zipcode": "HT8430",
    "place": "Roche à Bateau",
    "state": "Sud",
    "state_code": "12",
    "province": "",
    "province_code": "",
    "community": "",
    "community_code": "",
    "latitude": "18.1818",
    "longitude": "-74.0034"
  },
  {
    "country_code": "HT",
    "zipcode": "HT8510",
    "place": "Chardonnières",
    "state": "Sud",
    "state_code": "12",
    "province": "",
    "province_code": "",
    "community": "",
    "community_code": "",
    "latitude": "18.2748",
    "longitude": "-74.1661"
  },
  {
    "country_code": "HT",
    "zipcode": "HT8511",
    "place": "Randel",
    "state": "Sud",
    "state_code": "12",
    "province": "",
    "province_code": "",
    "community": "",
    "community_code": "",
    "latitude": "18.309",
    "longitude": "-74.1009"
  },
  {
    "country_code": "HT",
    "zipcode": "HT8520",
    "place": "Les Anglais",
    "state": "Sud",
    "state_code": "12",
    "province": "",
    "province_code": "",
    "community": "",
    "community_code": "",
    "latitude": "18.3054",
    "longitude": "-74.2197"
  },
  {
    "country_code": "HT",
    "zipcode": "HT8530",
    "place": "Tiburon",
    "state": "Sud",
    "state_code": "12",
    "province": "",
    "province_code": "",
    "community": "",
    "community_code": "",
    "latitude": "18.3259",
    "longitude": "-74.396"
  },
  {
    "country_code": "HT",
    "zipcode": "HT8531",
    "place": "Cahonane",
    "state": "Sud",
    "state_code": "12",
    "province": "",
    "province_code": "",
    "community": "",
    "community_code": "",
    "latitude": "18.3259",
    "longitude": "-74.396"
  },
  {
    "country_code": "HT",
    "zipcode": "HT9110",
    "place": "Jacmel",
    "state": "Sud-Est",
    "state_code": "13",
    "province": "",
    "province_code": "",
    "community": "",
    "community_code": "",
    "latitude": "18.2343",
    "longitude": "-72.5354"
  },
  {
    "country_code": "HT",
    "zipcode": "HT9111",
    "place": "Marbial",
    "state": "Sud-Est",
    "state_code": "13",
    "province": "",
    "province_code": "",
    "community": "",
    "community_code": "",
    "latitude": "18.3327",
    "longitude": "-72.4661"
  },
  {
    "country_code": "HT",
    "zipcode": "HT9120",
    "place": "Marigot",
    "state": "Sud-Est",
    "state_code": "13",
    "province": "",
    "province_code": "",
    "community": "",
    "community_code": "",
    "latitude": "18.2317",
    "longitude": "-72.3229"
  },
  {
    "country_code": "HT",
    "zipcode": "HT9121",
    "place": "Seguin",
    "state": "Sud-Est",
    "state_code": "13",
    "province": "",
    "province_code": "",
    "community": "",
    "community_code": "",
    "latitude": "18.2833",
    "longitude": "-72.3667"
  },
  {
    "country_code": "HT",
    "zipcode": "HT9130",
    "place": "Cayes Jacmel",
    "state": "Sud-Est",
    "state_code": "13",
    "province": "",
    "province_code": "",
    "community": "",
    "community_code": "",
    "latitude": "18.2311",
    "longitude": "-72.3954"
  },
  {
    "country_code": "HT",
    "zipcode": "HT9140",
    "place": "La Vallée de Jacmel",
    "state": "Sud-Est",
    "state_code": "13",
    "province": "",
    "province_code": "",
    "community": "",
    "community_code": "",
    "latitude": "18.2694",
    "longitude": "-72.667"
  },
  {
    "country_code": "HT",
    "zipcode": "HT9210",
    "place": "Bainet",
    "state": "Sud-Est",
    "state_code": "13",
    "province": "",
    "province_code": "",
    "community": "",
    "community_code": "",
    "latitude": "18.184",
    "longitude": "-72.7523"
  },
  {
    "country_code": "HT",
    "zipcode": "HT9220",
    "place": "Côtes de Fer",
    "state": "Sud-Est",
    "state_code": "13",
    "province": "",
    "province_code": "",
    "community": "",
    "community_code": "",
    "latitude": "18.1887",
    "longitude": "-73.0029"
  },
  {
    "country_code": "HT",
    "zipcode": "HT9310",
    "place": "Belle-Anse",
    "state": "Sud-Est",
    "state_code": "13",
    "province": "",
    "province_code": "",
    "community": "",
    "community_code": "",
    "latitude": "18.2377",
    "longitude": "-72.0664"
  },
  {
    "country_code": "HT",
    "zipcode": "HT9311",
    "place": "Mapou",
    "state": "Sud-Est",
    "state_code": "13",
    "province": "",
    "province_code": "",
    "community": "",
    "community_code": "",
    "latitude": "18.3",
    "longitude": "-72.05"
  },
  {
    "country_code": "HT",
    "zipcode": "HT9320",
    "place": "Grand Gosier",
    "state": "Sud-Est",
    "state_code": "13",
    "province": "",
    "province_code": "",
    "community": "",
    "community_code": "",
    "latitude": "18.1854",
    "longitude": "-71.9182"
  },
  {
    "country_code": "HT",
    "zipcode": "HT9321",
    "place": "Bodarie",
    "state": "Sud-Est",
    "state_code": "13",
    "province": "",
    "province_code": "",
    "community": "",
    "community_code": "",
    "latitude": "18.2569",
    "longitude": "-71.8988"
  },
  {
    "country_code": "HT",
    "zipcode": "HT9330",
    "place": "Thiotte",
    "state": "Sud-Est",
    "state_code": "13",
    "province": "",
    "province_code": "",
    "community": "",
    "community_code": "",
    "latitude": "18.2438",
    "longitude": "-71.8416"
  },
  {
    "country_code": "HT",
    "zipcode": "HT9340",
    "place": "Anse à Pitre",
    "state": "Sud-Est",
    "state_code": "13",
    "province": "",
    "province_code": "",
    "community": "",
    "community_code": "",
    "latitude": "18.05",
    "longitude": "-71.75"
  },
  {
    "country_code": "HT",
    "zipcode": "HT9341",
    "place": "Banane",
    "state": "Sud-Est",
    "state_code": "13",
    "province": "",
    "province_code": "",
    "community": "",
    "community_code": "",
    "latitude": "18.1428",
    "longitude": "-71.7612"
  },
  {
    "country_code": "HT",
    "zipcode": "HT7110",
    "place": "Jérémie",
    "state": "Grande Anse",
    "state_code": "14",
    "province": "",
    "province_code": "",
    "community": "",
    "community_code": "",
    "latitude": "18.65",
    "longitude": "-74.1167"
  },
  {
    "country_code": "HT",
    "zipcode": "HT7111",
    "place": "Léon",
    "state": "Grande Anse",
    "state_code": "14",
    "province": "",
    "province_code": "",
    "community": "",
    "community_code": "",
    "latitude": "18.6162",
    "longitude": "-74.1674"
  },
  {
    "country_code": "HT",
    "zipcode": "HT7112",
    "place": "Marfranc",
    "state": "Grande Anse",
    "state_code": "14",
    "province": "",
    "province_code": "",
    "community": "",
    "community_code": "",
    "latitude": "18.5825",
    "longitude": "-74.2182"
  },
  {
    "country_code": "HT",
    "zipcode": "HT7120",
    "place": "Abricots",
    "state": "Grande Anse",
    "state_code": "14",
    "province": "",
    "province_code": "",
    "community": "",
    "community_code": "",
    "latitude": "18.649",
    "longitude": "-74.3079"
  },
  {
    "country_code": "HT",
    "zipcode": "HT7130",
    "place": "Bonbon",
    "state": "Grande Anse",
    "state_code": "14",
    "province": "",
    "province_code": "",
    "community": "",
    "community_code": "",
    "latitude": "18.6655",
    "longitude": "-74.2451"
  },
  {
    "country_code": "HT",
    "zipcode": "HT7140",
    "place": "Moron",
    "state": "Grande Anse",
    "state_code": "14",
    "province": "",
    "province_code": "",
    "community": "",
    "community_code": "",
    "latitude": "18.5604",
    "longitude": "-74.2578"
  },
  {
    "country_code": "HT",
    "zipcode": "HT7141",
    "place": "Sources Chaudes",
    "state": "Grande Anse",
    "state_code": "14",
    "province": "",
    "province_code": "",
    "community": "",
    "community_code": "",
    "latitude": "18.4839",
    "longitude": "-74.2867"
  },
  {
    "country_code": "HT",
    "zipcode": "HT7150",
    "place": "Chambellan",
    "state": "Grande Anse",
    "state_code": "14",
    "province": "",
    "province_code": "",
    "community": "",
    "community_code": "",
    "latitude": "18.5504",
    "longitude": "-74.3132"
  },
  {
    "country_code": "HT",
    "zipcode": "HT7210",
    "place": "Anse-d’Hainault",
    "state": "Grande Anse",
    "state_code": "14",
    "province": "",
    "province_code": "",
    "community": "",
    "community_code": "",
    "latitude": "18.4882",
    "longitude": "-74.4216"
  },
  {
    "country_code": "HT",
    "zipcode": "HT7220",
    "place": "Dame-Marie",
    "state": "Grande Anse",
    "state_code": "14",
    "province": "",
    "province_code": "",
    "community": "",
    "community_code": "",
    "latitude": "18.5611",
    "longitude": "-74.4217"
  },
  {
    "country_code": "HT",
    "zipcode": "HT7221",
    "place": "Lesson",
    "state": "Grande Anse",
    "state_code": "14",
    "province": "",
    "province_code": "",
    "community": "",
    "community_code": "",
    "latitude": "18.6167",
    "longitude": "-74.3667"
  },
  {
    "country_code": "HT",
    "zipcode": "HT7230",
    "place": "Les Irois",
    "state": "Grande Anse",
    "state_code": "14",
    "province": "",
    "province_code": "",
    "community": "",
    "community_code": "",
    "latitude": "18.4049",
    "longitude": "-74.4528"
  },
  {
    "country_code": "HT",
    "zipcode": "HT7231",
    "place": "Carcasse",
    "state": "Grande Anse",
    "state_code": "14",
    "province": "",
    "province_code": "",
    "community": "",
    "community_code": "",
    "latitude": "18.3703",
    "longitude": "-74.4453"
  },
  {
    "country_code": "HT",
    "zipcode": "HT7310",
    "place": "Corail",
    "state": "Grande Anse",
    "state_code": "14",
    "province": "",
    "province_code": "",
    "community": "",
    "community_code": "",
    "latitude": "18.5677",
    "longitude": "-73.8894"
  },
  {
    "country_code": "HT",
    "zipcode": "HT7320",
    "place": "Roseaux",
    "state": "Grande Anse",
    "state_code": "14",
    "province": "",
    "province_code": "",
    "community": "",
    "community_code": "",
    "latitude": "18.6006",
    "longitude": "-74.0195"
  },
  {
    "country_code": "HT",
    "zipcode": "HT7330",
    "place": "Beaumont",
    "state": "Grande Anse",
    "state_code": "14",
    "province": "",
    "province_code": "",
    "community": "",
    "community_code": "",
    "latitude": "18.4787",
    "longitude": "-73.9564"
  },
  {
    "country_code": "HT",
    "zipcode": "HT7340",
    "place": "Pestel",
    "state": "Grande Anse",
    "state_code": "14",
    "province": "",
    "province_code": "",
    "community": "",
    "community_code": "",
    "latitude": "18.5413",
    "longitude": "-73.7952"
  },
  {
    "country_code": "HT",
    "zipcode": "HT7410",
    "place": "Miragoâne",
    "state": "Nippes",
    "state_code": "15",
    "province": "",
    "province_code": "",
    "community": "",
    "community_code": "",
    "latitude": "18.446",
    "longitude": "-73.0896"
  },
  {
    "country_code": "HT",
    "zipcode": "HT7411",
    "place": "Saint-Michel-du-Sud",
    "state": "Nippes",
    "state_code": "15",
    "province": "",
    "province_code": "",
    "community": "",
    "community_code": "",
    "latitude": "18.3732",
    "longitude": "-73.1167"
  },
  {
    "country_code": "HT",
    "zipcode": "HT7412",
    "place": "Paillant",
    "state": "Nippes",
    "state_code": "15",
    "province": "",
    "province_code": "",
    "community": "",
    "community_code": "",
    "latitude": "18.4176",
    "longitude": "-73.1457"
  },
  {
    "country_code": "HT",
    "zipcode": "HT7413",
    "place": "Fonds-des-Nègres",
    "state": "Nippes",
    "state_code": "15",
    "province": "",
    "province_code": "",
    "community": "",
    "community_code": "",
    "latitude": "18.4123",
    "longitude": "-73.1173"
  },
  {
    "country_code": "HT",
    "zipcode": "HT7420",
    "place": "Petite-Rivière-de-Nippes",
    "state": "Nippes",
    "state_code": "15",
    "province": "",
    "province_code": "",
    "community": "",
    "community_code": "",
    "latitude": "18.4761",
    "longitude": "-73.2349"
  },
  {
    "country_code": "HT",
    "zipcode": "HT7510",
    "place": "Anse-à-Veau",
    "state": "Nippes",
    "state_code": "15",
    "province": "",
    "province_code": "",
    "community": "",
    "community_code": "",
    "latitude": "18.4863",
    "longitude": "-73.5382"
  },
  {
    "country_code": "HT",
    "zipcode": "HT7520",
    "place": "Baradères",
    "state": "Nippes",
    "state_code": "15",
    "province": "",
    "province_code": "",
    "community": "",
    "community_code": "",
    "latitude": "18.4826",
    "longitude": "-73.6388"
  },
  {
    "country_code": "HT",
    "zipcode": "HT7521",
    "place": "Grand-Boucan",
    "state": "Nippes",
    "state_code": "15",
    "province": "",
    "province_code": "",
    "community": "",
    "community_code": "",
    "latitude": "18.5535",
    "longitude": "-73.5915"
  },
  {
    "country_code": "HT",
    "zipcode": "HT7530",
    "place": "Petit-Trou-de-Nippes",
    "state": "Nippes",
    "state_code": "15",
    "province": "",
    "province_code": "",
    "community": "",
    "community_code": "",
    "latitude": "18.5254",
    "longitude": "-73.5081"
  },
  {
    "country_code": "HT",
    "zipcode": "HT7540",
    "place": "L’Asile",
    "state": "Nippes",
    "state_code": "15",
    "province": "",
    "province_code": "",
    "community": "",
    "community_code": "",
    "latitude": "18.384",
    "longitude": "-73.4144"
  }
]