<?xml version="1.0" encoding="UTF-8"?>
<zipcodes>
  <object>
    <country_code>SJ</country_code>
    <zipcode>9170</zipcode>
    <place>Longyearbyen</place>
    <state>Svalbard</state>
    <state_code>21</state_code>
    <province>Svalbard</province>
    <province_code>2111</province_code>
    <community></community>
    <community_code></community_code>
    <latitude>78.2233</latitude>
    <longitude>15.6469</longitude>
  </object>
  <object>
    <country_code>SJ</country_code>
    <zipcode>9171</zipcode>
    <place>Longyearbyen</place>
    <state>Svalbard</state>
    <state_code>21</state_code>
    <province>Svalbard</province>
    <province_code>2111</province_code>
    <community></community>
    <community_code></community_code>
    <latitude>78.2233</latitude>
    <longitude>15.6469</longitude>
  </object>
  <object>
    <country_code>SJ</country_code>
    <zipcode>9173</zipcode>
    <place>Ny-Ålesund</place>
    <state>Svalbard</state>
    <state_code>21</state_code>
    <province>Svalbard</province>
    <province_code>2111</province_code>
    <community></community>
    <community_code></community_code>
    <latitude>78.9237</latitude>
    <longitude>11.925</longitude>
  </object>
  <object>
    <country_code>SJ</country_code>
    <zipcode>9175</zipcode>
    <place>Sveagruva</place>
    <state>Svalbard</state>
    <state_code>21</state_code>
    <province>Svalbard</province>
    <province_code>2111</province_code>
    <community></community>
    <community_code></community_code>
    <latitude>77.9003</latitude>
    <longitude>16.7201</longitude>
  </object>
  <object>
    <country_code>SJ</country_code>
    <zipcode>9178</zipcode>
    <place>Barentsburg</place>
    <state>Svalbard</state>
    <state_code>21</state_code>
    <province>Svalbard</province>
    <province_code>2111</province_code>
    <community></community>
    <community_code></community_code>
    <latitude>78.0644</latitude>
    <longitude>14.2117</longitude>
  </object>
  <object>
    <country_code>SJ</country_code>
    <zipcode>9176</zipcode>
    <place>Bjørnøya</place>
    <state>Svalbard</state>
    <state_code>21</state_code>
    <province>Svalbard</province>
    <province_code>2121</province_code>
    <community></community>
    <community_code></community_code>
    <latitude>78.267</latitude>
    <longitude>14.8301</longitude>
  </object>
  <object>
    <country_code>SJ</country_code>
    <zipcode>9174</zipcode>
    <place>Hopen</place>
    <state>Svalbard</state>
    <state_code>21</state_code>
    <province>Svalbard</province>
    <province_code>2131</province_code>
    <community></community>
    <community_code></community_code>
    <latitude>78.267</latitude>
    <longitude>14.8301</longitude>
  </object>
  <object>
    <country_code>SJ</country_code>
    <zipcode>8099</zipcode>
    <place>Jan Mayen</place>
    <state>Jan Mayen</state>
    <state_code>22</state_code>
    <province>Jan Mayen</province>
    <province_code>2211</province_code>
    <community></community>
    <community_code></community_code>
    <latitude>70.9498</latitude>
    <longitude>-8.638</longitude>
  </object>
</zipcodes>
<to_s/>
