<?xml version="1.0" encoding="UTF-8"?>
<zipcodes>
  <object>
    <country_code>PF</country_code>
    <zipcode>98701</zipcode>
    <place>Arue</place>
    <state>Îles du Vent</state>
    <state_code>01</state_code>
    <province>Arue</province>
    <province_code>98712</province_code>
    <community></community>
    <community_code></community_code>
    <latitude>-17.005</latitude>
    <longitude>-149.5679</longitude>
  </object>
  <object>
    <country_code>PF</country_code>
    <zipcode>98704</zipcode>
    <place>Faaa</place>
    <state>Îles du Vent</state>
    <state_code>01</state_code>
    <province>Faaa</province>
    <province_code>98715</province_code>
    <community></community>
    <community_code></community_code>
    <latitude>-17.5843</latitude>
    <longitude>-149.56</longitude>
  </object>
  <object>
    <country_code>PF</country_code>
    <zipcode>98705</zipcode>
    <place>Hitiaa</place>
    <state>Îles du Vent</state>
    <state_code>01</state_code>
    <province>Hitiaa O Te Ra</province>
    <province_code>98722</province_code>
    <community></community>
    <community_code></community_code>
    <latitude>-17.6175</latitude>
    <longitude>-149.3298</longitude>
  </object>
  <object>
    <country_code>PF</country_code>
    <zipcode>98706</zipcode>
    <place>Mahaena</place>
    <state>Îles du Vent</state>
    <state_code>01</state_code>
    <province>Hitiaa O Te Ra</province>
    <province_code>98722</province_code>
    <community></community>
    <community_code></community_code>
    <latitude>-17.5938</latitude>
    <longitude>-149.3636</longitude>
  </object>
  <object>
    <country_code>PF</country_code>
    <zipcode>98707</zipcode>
    <place>Papenoo</place>
    <state>Îles du Vent</state>
    <state_code>01</state_code>
    <province>Hitiaa O Te Ra</province>
    <province_code>98722</province_code>
    <community></community>
    <community_code></community_code>
    <latitude>-17.5985</latitude>
    <longitude>-149.436</longitude>
  </object>
  <object>
    <country_code>PF</country_code>
    <zipcode>98708</zipcode>
    <place>Tiarei</place>
    <state>Îles du Vent</state>
    <state_code>01</state_code>
    <province>Hitiaa O Te Ra</province>
    <province_code>98722</province_code>
    <community></community>
    <community_code></community_code>
    <latitude>-17.5569</latitude>
    <longitude>-149.3816</longitude>
  </object>
  <object>
    <country_code>PF</country_code>
    <zipcode>98709</zipcode>
    <place>Mahina</place>
    <state>Îles du Vent</state>
    <state_code>01</state_code>
    <province>Mahina</province>
    <province_code>98725</province_code>
    <community></community>
    <community_code></community_code>
    <latitude>-17.5566</latitude>
    <longitude>-149.4746</longitude>
  </object>
  <object>
    <country_code>PF</country_code>
    <zipcode>98710</zipcode>
    <place>Orofara</place>
    <state>Îles du Vent</state>
    <state_code>01</state_code>
    <province>Mahina</province>
    <province_code>98725</province_code>
    <community></community>
    <community_code></community_code>
    <latitude>-17.5575</latitude>
    <longitude>-149.4753</longitude>
  </object>
  <object>
    <country_code>PF</country_code>
    <zipcode>98728</zipcode>
    <place>Paopao</place>
    <state>Îles du Vent</state>
    <state_code>01</state_code>
    <province>Moorea-Maiao</province>
    <province_code>98729</province_code>
    <community></community>
    <community_code></community_code>
    <latitude>-17.5027</latitude>
    <longitude>-149.8113</longitude>
  </object>
  <object>
    <country_code>PF</country_code>
    <zipcode>98728</zipcode>
    <place>Vaiare</place>
    <state>Îles du Vent</state>
    <state_code>01</state_code>
    <province>Moorea-Maiao</province>
    <province_code>98729</province_code>
    <community></community>
    <community_code></community_code>
    <latitude>-17.5054</latitude>
    <longitude>-149.778</longitude>
  </object>
  <object>
    <country_code>PF</country_code>
    <zipcode>98728</zipcode>
    <place>Teavaro</place>
    <state>Îles du Vent</state>
    <state_code>01</state_code>
    <province>Moorea-Maiao</province>
    <province_code>98729</province_code>
    <community></community>
    <community_code></community_code>
    <latitude>-17.5079</latitude>
    <longitude>-149.7801</longitude>
  </object>
  <object>
    <country_code>PF</country_code>
    <zipcode>98728</zipcode>
    <place>Maatea</place>
    <state>Îles du Vent</state>
    <state_code>01</state_code>
    <province>Moorea-Maiao</province>
    <province_code>98729</province_code>
    <community></community>
    <community_code></community_code>
    <latitude>-17.5054</latitude>
    <longitude>-149.778</longitude>
  </object>
  <object>
    <country_code>PF</country_code>
    <zipcode>98728</zipcode>
    <place>Maharepa</place>
    <state>Îles du Vent</state>
    <state_code>01</state_code>
    <province>Moorea-Maiao</province>
    <province_code>98729</province_code>
    <community></community>
    <community_code></community_code>
    <latitude>-17.5054</latitude>
    <longitude>-149.778</longitude>
  </object>
  <object>
    <country_code>PF</country_code>
    <zipcode>98728</zipcode>
    <place>Temae</place>
    <state>Îles du Vent</state>
    <state_code>01</state_code>
    <province>Moorea-Maiao</province>
    <province_code>98729</province_code>
    <community></community>
    <community_code></community_code>
    <latitude>-17.5054</latitude>
    <longitude>-149.778</longitude>
  </object>
  <object>
    <country_code>PF</country_code>
    <zipcode>98728</zipcode>
    <place>Afareaitu</place>
    <state>Îles du Vent</state>
    <state_code>01</state_code>
    <province>Moorea-Maiao</province>
    <province_code>98729</province_code>
    <community></community>
    <community_code></community_code>
    <latitude>-17.558</latitude>
    <longitude>-149.8054</longitude>
  </object>
  <object>
    <country_code>PF</country_code>
    <zipcode>98728</zipcode>
    <place>Tiaia</place>
    <state>Îles du Vent</state>
    <state_code>01</state_code>
    <province>Moorea-Maiao</province>
    <province_code>98729</province_code>
    <community></community>
    <community_code></community_code>
    <latitude>-17.5054</latitude>
    <longitude>-149.778</longitude>
  </object>
  <object>
    <country_code>PF</country_code>
    <zipcode>98728</zipcode>
    <place>Haumi</place>
    <state>Îles du Vent</state>
    <state_code>01</state_code>
    <province>Moorea-Maiao</province>
    <province_code>98729</province_code>
    <community></community>
    <community_code></community_code>
    <latitude>-17.5054</latitude>
    <longitude>-149.778</longitude>
  </object>
  <object>
    <country_code>PF</country_code>
    <zipcode>98729</zipcode>
    <place>Tiahura</place>
    <state>Îles du Vent</state>
    <state_code>01</state_code>
    <province>Moorea-Maiao</province>
    <province_code>98729</province_code>
    <community></community>
    <community_code></community_code>
    <latitude>-17.5054</latitude>
    <longitude>-149.778</longitude>
  </object>
  <object>
    <country_code>PF</country_code>
    <zipcode>98729</zipcode>
    <place>Vaianae</place>
    <state>Îles du Vent</state>
    <state_code>01</state_code>
    <province>Moorea-Maiao</province>
    <province_code>98729</province_code>
    <community></community>
    <community_code></community_code>
    <latitude>-17.5054</latitude>
    <longitude>-149.778</longitude>
  </object>
  <object>
    <country_code>PF</country_code>
    <zipcode>98729</zipcode>
    <place>Pihaena</place>
    <state>Îles du Vent</state>
    <state_code>01</state_code>
    <province>Moorea-Maiao</province>
    <province_code>98729</province_code>
    <community></community>
    <community_code></community_code>
    <latitude>-17.5054</latitude>
    <longitude>-149.778</longitude>
  </object>
  <object>
    <country_code>PF</country_code>
    <zipcode>98729</zipcode>
    <place>Paopao</place>
    <state>Îles du Vent</state>
    <state_code>01</state_code>
    <province>Moorea-Maiao</province>
    <province_code>98729</province_code>
    <community></community>
    <community_code></community_code>
    <latitude>-17.5054</latitude>
    <longitude>-149.778</longitude>
  </object>
  <object>
    <country_code>PF</country_code>
    <zipcode>98729</zipcode>
    <place>Opunohu</place>
    <state>Îles du Vent</state>
    <state_code>01</state_code>
    <province>Moorea-Maiao</province>
    <province_code>98729</province_code>
    <community></community>
    <community_code></community_code>
    <latitude>-17.5054</latitude>
    <longitude>-149.778</longitude>
  </object>
  <object>
    <country_code>PF</country_code>
    <zipcode>98729</zipcode>
    <place>Papetoai</place>
    <state>Îles du Vent</state>
    <state_code>01</state_code>
    <province>Moorea-Maiao</province>
    <province_code>98729</province_code>
    <community></community>
    <community_code></community_code>
    <latitude>-17.5207</latitude>
    <longitude>-149.8555</longitude>
  </object>
  <object>
    <country_code>PF</country_code>
    <zipcode>98729</zipcode>
    <place>Haapiti</place>
    <state>Îles du Vent</state>
    <state_code>01</state_code>
    <province>Moorea-Maiao</province>
    <province_code>98729</province_code>
    <community></community>
    <community_code></community_code>
    <latitude>-17.5434</latitude>
    <longitude>-149.8706</longitude>
  </object>
  <object>
    <country_code>PF</country_code>
    <zipcode>98729</zipcode>
    <place>Varari</place>
    <state>Îles du Vent</state>
    <state_code>01</state_code>
    <province>Moorea-Maiao</province>
    <province_code>98729</province_code>
    <community></community>
    <community_code></community_code>
    <latitude>-17.5054</latitude>
    <longitude>-149.778</longitude>
  </object>
  <object>
    <country_code>PF</country_code>
    <zipcode>98729</zipcode>
    <place>Hauru</place>
    <state>Îles du Vent</state>
    <state_code>01</state_code>
    <province>Moorea-Maiao</province>
    <province_code>98729</province_code>
    <community></community>
    <community_code></community_code>
    <latitude>-17.5054</latitude>
    <longitude>-149.778</longitude>
  </object>
  <object>
    <country_code>PF</country_code>
    <zipcode>98729</zipcode>
    <place>Atiha</place>
    <state>Îles du Vent</state>
    <state_code>01</state_code>
    <province>Moorea-Maiao</province>
    <province_code>98729</province_code>
    <community></community>
    <community_code></community_code>
    <latitude>-17.5054</latitude>
    <longitude>-149.778</longitude>
  </object>
  <object>
    <country_code>PF</country_code>
    <zipcode>98729</zipcode>
    <place>Maiao</place>
    <state>Îles du Vent</state>
    <state_code>01</state_code>
    <province>Moorea-Maiao</province>
    <province_code>98729</province_code>
    <community></community>
    <community_code></community_code>
    <latitude>-17.5054</latitude>
    <longitude>-149.778</longitude>
  </object>
  <object>
    <country_code>PF</country_code>
    <zipcode>98711</zipcode>
    <place>Paea</place>
    <state>Îles du Vent</state>
    <state_code>01</state_code>
    <province>Paea</province>
    <province_code>98733</province_code>
    <community></community>
    <community_code></community_code>
    <latitude>-17.6875</latitude>
    <longitude>-149.553</longitude>
  </object>
  <object>
    <country_code>PF</country_code>
    <zipcode>98712</zipcode>
    <place>Papara</place>
    <state>Îles du Vent</state>
    <state_code>01</state_code>
    <province>Papara</province>
    <province_code>98734</province_code>
    <community></community>
    <community_code></community_code>
    <latitude>-17.7213</latitude>
    <longitude>-149.4967</longitude>
  </object>
  <object>
    <country_code>PF</country_code>
    <zipcode>98714</zipcode>
    <place>Papeete</place>
    <state>Îles du Vent</state>
    <state_code>01</state_code>
    <province>Papeete</province>
    <province_code>98735</province_code>
    <community></community>
    <community_code></community_code>
    <latitude>-17.5572</latitude>
    <longitude>-149.5555</longitude>
  </object>
  <object>
    <country_code>PF</country_code>
    <zipcode>98716</zipcode>
    <place>Pirae</place>
    <state>Îles du Vent</state>
    <state_code>01</state_code>
    <province>Pirae</province>
    <province_code>98736</province_code>
    <community></community>
    <community_code></community_code>
    <latitude>-17.5699</latitude>
    <longitude>-149.5196</longitude>
  </object>
  <object>
    <country_code>PF</country_code>
    <zipcode>98703</zipcode>
    <place>Punaauia</place>
    <state>Îles du Vent</state>
    <state_code>01</state_code>
    <province>Punaauia</province>
    <province_code>98738</province_code>
    <community></community>
    <community_code></community_code>
    <latitude>-17.618</latitude>
    <longitude>-149.5486</longitude>
  </object>
  <object>
    <country_code>PF</country_code>
    <zipcode>98718</zipcode>
    <place>Punaauia</place>
    <state>Îles du Vent</state>
    <state_code>01</state_code>
    <province>Punaauia</province>
    <province_code>98738</province_code>
    <community></community>
    <community_code></community_code>
    <latitude>-17.618</latitude>
    <longitude>-149.5486</longitude>
  </object>
  <object>
    <country_code>PF</country_code>
    <zipcode>98719</zipcode>
    <place>Taravao</place>
    <state>Îles du Vent</state>
    <state_code>01</state_code>
    <province>Taiarapu-Est</province>
    <province_code>98747</province_code>
    <community></community>
    <community_code></community_code>
    <latitude>-17.8097</latitude>
    <longitude>-149.1716</longitude>
  </object>
  <object>
    <country_code>PF</country_code>
    <zipcode>98719</zipcode>
    <place>Afaahiti</place>
    <state>Îles du Vent</state>
    <state_code>01</state_code>
    <province>Taiarapu-Est</province>
    <province_code>98747</province_code>
    <community></community>
    <community_code></community_code>
    <latitude>-17.7383</latitude>
    <longitude>-149.299</longitude>
  </object>
  <object>
    <country_code>PF</country_code>
    <zipcode>98720</zipcode>
    <place>Faaone</place>
    <state>Îles du Vent</state>
    <state_code>01</state_code>
    <province>Taiarapu-Est</province>
    <province_code>98747</province_code>
    <community></community>
    <community_code></community_code>
    <latitude>-17.6681</latitude>
    <longitude>-149.3528</longitude>
  </object>
  <object>
    <country_code>PF</country_code>
    <zipcode>98721</zipcode>
    <place>Pueu</place>
    <state>Îles du Vent</state>
    <state_code>01</state_code>
    <province>Taiarapu-Est</province>
    <province_code>98747</province_code>
    <community></community>
    <community_code></community_code>
    <latitude>-17.7662</latitude>
    <longitude>-149.2302</longitude>
  </object>
  <object>
    <country_code>PF</country_code>
    <zipcode>98722</zipcode>
    <place>Tautira</place>
    <state>Îles du Vent</state>
    <state_code>01</state_code>
    <province>Taiarapu-Est</province>
    <province_code>98747</province_code>
    <community></community>
    <community_code></community_code>
    <latitude>-17.8753</latitude>
    <longitude>-148.0673</longitude>
  </object>
  <object>
    <country_code>PF</country_code>
    <zipcode>98723</zipcode>
    <place>Teahupoo</place>
    <state>Îles du Vent</state>
    <state_code>01</state_code>
    <province>Taiarapu-Ouest</province>
    <province_code>98748</province_code>
    <community></community>
    <community_code></community_code>
    <latitude>-17.844</latitude>
    <longitude>-149.2129</longitude>
  </object>
  <object>
    <country_code>PF</country_code>
    <zipcode>98724</zipcode>
    <place>Toahotu</place>
    <state>Îles du Vent</state>
    <state_code>01</state_code>
    <province>Taiarapu-Ouest</province>
    <province_code>98748</province_code>
    <community></community>
    <community_code></community_code>
    <latitude>-17.7712</latitude>
    <longitude>-149.2884</longitude>
  </object>
  <object>
    <country_code>PF</country_code>
    <zipcode>98725</zipcode>
    <place>Vairao</place>
    <state>Îles du Vent</state>
    <state_code>01</state_code>
    <province>Taiarapu-Ouest</province>
    <province_code>98748</province_code>
    <community></community>
    <community_code></community_code>
    <latitude>-17.8088</latitude>
    <longitude>-149.2704</longitude>
  </object>
  <object>
    <country_code>PF</country_code>
    <zipcode>98726</zipcode>
    <place>Mataiea</place>
    <state>Îles du Vent</state>
    <state_code>01</state_code>
    <province>Teva I Uta</province>
    <province_code>98752</province_code>
    <community></community>
    <community_code></community_code>
    <latitude>-17.7251</latitude>
    <longitude>-149.4287</longitude>
  </object>
  <object>
    <country_code>PF</country_code>
    <zipcode>98727</zipcode>
    <place>Papeari</place>
    <state>Îles du Vent</state>
    <state_code>01</state_code>
    <province>Teva I Uta</province>
    <province_code>98752</province_code>
    <community></community>
    <community_code></community_code>
    <latitude>-17.7168</latitude>
    <longitude>-149.3764</longitude>
  </object>
  <object>
    <country_code>PF</country_code>
    <zipcode>98730</zipcode>
    <place>Faanui</place>
    <state>Îles Sous-le-Vent</state>
    <state_code>02</state_code>
    <province>Bora-Bora</province>
    <province_code>98714</province_code>
    <community></community>
    <community_code></community_code>
    <latitude>-16.4744</latitude>
    <longitude>-151.7437</longitude>
  </object>
  <object>
    <country_code>PF</country_code>
    <zipcode>98730</zipcode>
    <place>Nunue</place>
    <state>Îles Sous-le-Vent</state>
    <state_code>02</state_code>
    <province>Bora-Bora</province>
    <province_code>98714</province_code>
    <community></community>
    <community_code></community_code>
    <latitude>-16.5133</latitude>
    <longitude>-151.7455</longitude>
  </object>
  <object>
    <country_code>PF</country_code>
    <zipcode>98730</zipcode>
    <place>Anau</place>
    <state>Îles Sous-le-Vent</state>
    <state_code>02</state_code>
    <province>Bora-Bora</province>
    <province_code>98714</province_code>
    <community></community>
    <community_code></community_code>
    <latitude>-16.5142</latitude>
    <longitude>-151.7168</longitude>
  </object>
  <object>
    <country_code>PF</country_code>
    <zipcode>98730</zipcode>
    <place>Vaitape</place>
    <state>Îles Sous-le-Vent</state>
    <state_code>02</state_code>
    <province>Bora-Bora</province>
    <province_code>98714</province_code>
    <community></community>
    <community_code></community_code>
    <latitude>-16.4734</latitude>
    <longitude>-151.7404</longitude>
  </object>
  <object>
    <country_code>PF</country_code>
    <zipcode>98731</zipcode>
    <place>Tefarerii</place>
    <state>Îles Sous-le-Vent</state>
    <state_code>02</state_code>
    <province>Huahine</province>
    <province_code>98724</province_code>
    <community></community>
    <community_code></community_code>
    <latitude>-16.7747</latitude>
    <longitude>-150.9712</longitude>
  </object>
  <object>
    <country_code>PF</country_code>
    <zipcode>98731</zipcode>
    <place>Maeva</place>
    <state>Îles Sous-le-Vent</state>
    <state_code>02</state_code>
    <province>Huahine</province>
    <province_code>98724</province_code>
    <community></community>
    <community_code></community_code>
    <latitude>-16.7062</latitude>
    <longitude>-151.0003</longitude>
  </object>
  <object>
    <country_code>PF</country_code>
    <zipcode>98731</zipcode>
    <place>Fare</place>
    <state>Îles Sous-le-Vent</state>
    <state_code>02</state_code>
    <province>Huahine</province>
    <province_code>98724</province_code>
    <community></community>
    <community_code></community_code>
    <latitude>-16.7127</latitude>
    <longitude>-151.0267</longitude>
  </object>
  <object>
    <country_code>PF</country_code>
    <zipcode>98731</zipcode>
    <place>Fitii</place>
    <state>Îles Sous-le-Vent</state>
    <state_code>02</state_code>
    <province>Huahine</province>
    <province_code>98724</province_code>
    <community></community>
    <community_code></community_code>
    <latitude>-16.7469</latitude>
    <longitude>-151.032</longitude>
  </object>
  <object>
    <country_code>PF</country_code>
    <zipcode>98731</zipcode>
    <place>Huahine</place>
    <state>Îles Sous-le-Vent</state>
    <state_code>02</state_code>
    <province>Huahine</province>
    <province_code>98724</province_code>
    <community></community>
    <community_code></community_code>
    <latitude>-16.7979</latitude>
    <longitude>-151.0097</longitude>
  </object>
  <object>
    <country_code>PF</country_code>
    <zipcode>98731</zipcode>
    <place>Maroe</place>
    <state>Îles Sous-le-Vent</state>
    <state_code>02</state_code>
    <province>Huahine</province>
    <province_code>98724</province_code>
    <community></community>
    <community_code></community_code>
    <latitude>-16.7594</latitude>
    <longitude>-151.0045</longitude>
  </object>
  <object>
    <country_code>PF</country_code>
    <zipcode>98731</zipcode>
    <place>Haapu</place>
    <state>Îles Sous-le-Vent</state>
    <state_code>02</state_code>
    <province>Huahine</province>
    <province_code>98724</province_code>
    <community></community>
    <community_code></community_code>
    <latitude>-16.7902</latitude>
    <longitude>-151.0039</longitude>
  </object>
  <object>
    <country_code>PF</country_code>
    <zipcode>98731</zipcode>
    <place>Parea</place>
    <state>Îles Sous-le-Vent</state>
    <state_code>02</state_code>
    <province>Huahine</province>
    <province_code>98724</province_code>
    <community></community>
    <community_code></community_code>
    <latitude>-16.7995</latitude>
    <longitude>-150.985</longitude>
  </object>
  <object>
    <country_code>PF</country_code>
    <zipcode>98731</zipcode>
    <place>Faie</place>
    <state>Îles Sous-le-Vent</state>
    <state_code>02</state_code>
    <province>Huahine</province>
    <province_code>98724</province_code>
    <community></community>
    <community_code></community_code>
    <latitude>-16.7327</latitude>
    <longitude>-150.9925</longitude>
  </object>
  <object>
    <country_code>PF</country_code>
    <zipcode>98732</zipcode>
    <place>Avera</place>
    <state>Îles Sous-le-Vent</state>
    <state_code>02</state_code>
    <province>Huahine</province>
    <province_code>98724</province_code>
    <community></community>
    <community_code></community_code>
    <latitude>-16.7979</latitude>
    <longitude>-151.0097</longitude>
  </object>
  <object>
    <country_code>PF</country_code>
    <zipcode>98732</zipcode>
    <place>Motu One</place>
    <state>Îles Sous-le-Vent</state>
    <state_code>02</state_code>
    <province>Maupiti</province>
    <province_code>98728</province_code>
    <community></community>
    <community_code></community_code>
    <latitude>-16.5289</latitude>
    <longitude>-154.649</longitude>
  </object>
  <object>
    <country_code>PF</country_code>
    <zipcode>98732</zipcode>
    <place>Scilly</place>
    <state>Îles Sous-le-Vent</state>
    <state_code>02</state_code>
    <province>Maupiti</province>
    <province_code>98728</province_code>
    <community></community>
    <community_code></community_code>
    <latitude>-16.5289</latitude>
    <longitude>-154.649</longitude>
  </object>
  <object>
    <country_code>PF</country_code>
    <zipcode>98732</zipcode>
    <place>Mopelia</place>
    <state>Îles Sous-le-Vent</state>
    <state_code>02</state_code>
    <province>Maupiti</province>
    <province_code>98728</province_code>
    <community></community>
    <community_code></community_code>
    <latitude>-16.5289</latitude>
    <longitude>-154.649</longitude>
  </object>
  <object>
    <country_code>PF</country_code>
    <zipcode>98732</zipcode>
    <place>Maupiti</place>
    <state>Îles Sous-le-Vent</state>
    <state_code>02</state_code>
    <province>Maupiti</province>
    <province_code>98728</province_code>
    <community></community>
    <community_code></community_code>
    <latitude>-16.4425</latitude>
    <longitude>-152.2656</longitude>
  </object>
  <object>
    <country_code>PF</country_code>
    <zipcode>98733</zipcode>
    <place>Iripau</place>
    <state>Îles Sous-le-Vent</state>
    <state_code>02</state_code>
    <province>Tahaa</province>
    <province_code>98745</province_code>
    <community></community>
    <community_code></community_code>
    <latitude>-16.5974</latitude>
    <longitude>-151.5038</longitude>
  </object>
  <object>
    <country_code>PF</country_code>
    <zipcode>98733</zipcode>
    <place>Tapuamu</place>
    <state>Îles Sous-le-Vent</state>
    <state_code>02</state_code>
    <province>Tahaa</province>
    <province_code>98745</province_code>
    <community></community>
    <community_code></community_code>
    <latitude>-16.6147</latitude>
    <longitude>-151.5345</longitude>
  </object>
  <object>
    <country_code>PF</country_code>
    <zipcode>98733</zipcode>
    <place>Tiva</place>
    <state>Îles Sous-le-Vent</state>
    <state_code>02</state_code>
    <province>Tahaa</province>
    <province_code>98745</province_code>
    <community></community>
    <community_code></community_code>
    <latitude>-16.6419</latitude>
    <longitude>-151.5242</longitude>
  </object>
  <object>
    <country_code>PF</country_code>
    <zipcode>98733</zipcode>
    <place>Tahaa</place>
    <state>Îles Sous-le-Vent</state>
    <state_code>02</state_code>
    <province>Tahaa</province>
    <province_code>98745</province_code>
    <community></community>
    <community_code></community_code>
    <latitude>-16.6419</latitude>
    <longitude>-151.5242</longitude>
  </object>
  <object>
    <country_code>PF</country_code>
    <zipcode>98733</zipcode>
    <place>Ruutia</place>
    <state>Îles Sous-le-Vent</state>
    <state_code>02</state_code>
    <province>Tahaa</province>
    <province_code>98745</province_code>
    <community></community>
    <community_code></community_code>
    <latitude>-16.6376</latitude>
    <longitude>-151.5222</longitude>
  </object>
  <object>
    <country_code>PF</country_code>
    <zipcode>98733</zipcode>
    <place>Hipu</place>
    <state>Îles Sous-le-Vent</state>
    <state_code>02</state_code>
    <province>Tahaa</province>
    <province_code>98745</province_code>
    <community></community>
    <community_code></community_code>
    <latitude>-16.6012</latitude>
    <longitude>-151.4622</longitude>
  </object>
  <object>
    <country_code>PF</country_code>
    <zipcode>98733</zipcode>
    <place>Patio</place>
    <state>Îles Sous-le-Vent</state>
    <state_code>02</state_code>
    <province>Tahaa</province>
    <province_code>98745</province_code>
    <community></community>
    <community_code></community_code>
    <latitude>-16.6419</latitude>
    <longitude>-151.5242</longitude>
  </object>
  <object>
    <country_code>PF</country_code>
    <zipcode>98734</zipcode>
    <place>Vaitoare</place>
    <state>Îles Sous-le-Vent</state>
    <state_code>02</state_code>
    <province>Tahaa</province>
    <province_code>98745</province_code>
    <community></community>
    <community_code></community_code>
    <latitude>-16.6681</latitude>
    <longitude>-151.4651</longitude>
  </object>
  <object>
    <country_code>PF</country_code>
    <zipcode>98734</zipcode>
    <place>Faaaha</place>
    <state>Îles Sous-le-Vent</state>
    <state_code>02</state_code>
    <province>Tahaa</province>
    <province_code>98745</province_code>
    <community></community>
    <community_code></community_code>
    <latitude>-16.6257</latitude>
    <longitude>-151.4549</longitude>
  </object>
  <object>
    <country_code>PF</country_code>
    <zipcode>98734</zipcode>
    <place>Haamene</place>
    <state>Îles Sous-le-Vent</state>
    <state_code>02</state_code>
    <province>Tahaa</province>
    <province_code>98745</province_code>
    <community></community>
    <community_code></community_code>
    <latitude>-16.6364</latitude>
    <longitude>-151.4815</longitude>
  </object>
  <object>
    <country_code>PF</country_code>
    <zipcode>98734</zipcode>
    <place>Poutoru</place>
    <state>Îles Sous-le-Vent</state>
    <state_code>02</state_code>
    <province>Tahaa</province>
    <province_code>98745</province_code>
    <community></community>
    <community_code></community_code>
    <latitude>-16.6419</latitude>
    <longitude>-151.5242</longitude>
  </object>
  <object>
    <country_code>PF</country_code>
    <zipcode>98734</zipcode>
    <place>Niua</place>
    <state>Îles Sous-le-Vent</state>
    <state_code>02</state_code>
    <province>Tahaa</province>
    <province_code>98745</province_code>
    <community></community>
    <community_code></community_code>
    <latitude>-16.6591</latitude>
    <longitude>-151.4961</longitude>
  </object>
  <object>
    <country_code>PF</country_code>
    <zipcode>98735</zipcode>
    <place>Taputapuatea</place>
    <state>Îles Sous-le-Vent</state>
    <state_code>02</state_code>
    <province>Taputapuatea</province>
    <province_code>98750</province_code>
    <community></community>
    <community_code></community_code>
    <latitude>-16.8808</latitude>
    <longitude>-151.4008</longitude>
  </object>
  <object>
    <country_code>PF</country_code>
    <zipcode>98735</zipcode>
    <place>Opoa</place>
    <state>Îles Sous-le-Vent</state>
    <state_code>02</state_code>
    <province>Taputapuatea</province>
    <province_code>98750</province_code>
    <community></community>
    <community_code></community_code>
    <latitude>-16.8482</latitude>
    <longitude>-151.385</longitude>
  </object>
  <object>
    <country_code>PF</country_code>
    <zipcode>98735</zipcode>
    <place>Puohine</place>
    <state>Îles Sous-le-Vent</state>
    <state_code>02</state_code>
    <province>Taputapuatea</province>
    <province_code>98750</province_code>
    <community></community>
    <community_code></community_code>
    <latitude>-16.8799</latitude>
    <longitude>-151.404</longitude>
  </object>
  <object>
    <country_code>PF</country_code>
    <zipcode>98735</zipcode>
    <place>Avera</place>
    <state>Îles Sous-le-Vent</state>
    <state_code>02</state_code>
    <province>Taputapuatea</province>
    <province_code>98750</province_code>
    <community></community>
    <community_code></community_code>
    <latitude>-16.8808</latitude>
    <longitude>-151.4008</longitude>
  </object>
  <object>
    <country_code>PF</country_code>
    <zipcode>98735</zipcode>
    <place>Fetuna</place>
    <state>Îles Sous-le-Vent</state>
    <state_code>02</state_code>
    <province>Tumaraa</province>
    <province_code>98754</province_code>
    <community></community>
    <community_code></community_code>
    <latitude>-16.8873</latitude>
    <longitude>-151.4368</longitude>
  </object>
  <object>
    <country_code>PF</country_code>
    <zipcode>98735</zipcode>
    <place>Tevaitoa</place>
    <state>Îles Sous-le-Vent</state>
    <state_code>02</state_code>
    <province>Tumaraa</province>
    <province_code>98754</province_code>
    <community></community>
    <community_code></community_code>
    <latitude>-16.7836</latitude>
    <longitude>-151.4724</longitude>
  </object>
  <object>
    <country_code>PF</country_code>
    <zipcode>98735</zipcode>
    <place>Tehurui</place>
    <state>Îles Sous-le-Vent</state>
    <state_code>02</state_code>
    <province>Tumaraa</province>
    <province_code>98754</province_code>
    <community></community>
    <community_code></community_code>
    <latitude>-16.8316</latitude>
    <longitude>-151.4683</longitude>
  </object>
  <object>
    <country_code>PF</country_code>
    <zipcode>98735</zipcode>
    <place>Tumaraa</place>
    <state>Îles Sous-le-Vent</state>
    <state_code>02</state_code>
    <province>Tumaraa</province>
    <province_code>98754</province_code>
    <community></community>
    <community_code></community_code>
    <latitude>-16.8307</latitude>
    <longitude>-151.4715</longitude>
  </object>
  <object>
    <country_code>PF</country_code>
    <zipcode>98735</zipcode>
    <place>Uturoa</place>
    <state>Îles Sous-le-Vent</state>
    <state_code>02</state_code>
    <province>Uturoa</province>
    <province_code>98758</province_code>
    <community></community>
    <community_code></community_code>
    <latitude>-16.7406</latitude>
    <longitude>-151.458</longitude>
  </object>
  <object>
    <country_code>PF</country_code>
    <zipcode>98760</zipcode>
    <place>Tuuhora</place>
    <state>Îles Tuamotu-Gambier</state>
    <state_code>03</state_code>
    <province>Anaa</province>
    <province_code>98711</province_code>
    <community></community>
    <community_code></community_code>
    <latitude>-17.3966</latitude>
    <longitude>-145.5214</longitude>
  </object>
  <object>
    <country_code>PF</country_code>
    <zipcode>98786</zipcode>
    <place>Hitianau</place>
    <state>Îles Tuamotu-Gambier</state>
    <state_code>03</state_code>
    <province>Anaa</province>
    <province_code>98711</province_code>
    <community></community>
    <community_code></community_code>
    <latitude>-16.7125</latitude>
    <longitude>-145.2203</longitude>
  </object>
  <object>
    <country_code>PF</country_code>
    <zipcode>98790</zipcode>
    <place>Tepupahea</place>
    <state>Îles Tuamotu-Gambier</state>
    <state_code>03</state_code>
    <province>Anaa</province>
    <province_code>98711</province_code>
    <community></community>
    <community_code></community_code>
    <latitude>-16.8708</latitude>
    <longitude>-144.7867</longitude>
  </object>
  <object>
    <country_code>PF</country_code>
    <zipcode>98761</zipcode>
    <place>Rautini</place>
    <state>Îles Tuamotu-Gambier</state>
    <state_code>03</state_code>
    <province>Arutua</province>
    <province_code>98713</province_code>
    <community></community>
    <community_code></community_code>
    <latitude>-15.2526</latitude>
    <longitude>-146.7361</longitude>
  </object>
  <object>
    <country_code>PF</country_code>
    <zipcode>98762</zipcode>
    <place>Niutahi</place>
    <state>Îles Tuamotu-Gambier</state>
    <state_code>03</state_code>
    <province>Arutua</province>
    <province_code>98713</province_code>
    <community></community>
    <community_code></community_code>
    <latitude>-15.3961</latitude>
    <longitude>-146.3131</longitude>
  </object>
  <object>
    <country_code>PF</country_code>
    <zipcode>98785</zipcode>
    <place>Raitahiti</place>
    <state>Îles Tuamotu-Gambier</state>
    <state_code>03</state_code>
    <province>Arutua</province>
    <province_code>98713</province_code>
    <community></community>
    <community_code></community_code>
    <latitude>-15.7141</latitude>
    <longitude>-146.7425</longitude>
  </object>
  <object>
    <country_code>PF</country_code>
    <zipcode>98763</zipcode>
    <place>Rotoava</place>
    <state>Îles Tuamotu-Gambier</state>
    <state_code>03</state_code>
    <province>Fakarava</province>
    <province_code>98716</province_code>
    <community></community>
    <community_code></community_code>
    <latitude>-16.2025</latitude>
    <longitude>-145.6031</longitude>
  </object>
  <object>
    <country_code>PF</country_code>
    <zipcode>98764</zipcode>
    <place>Paparara</place>
    <state>Îles Tuamotu-Gambier</state>
    <state_code>03</state_code>
    <province>Fakarava</province>
    <province_code>98716</province_code>
    <community></community>
    <community_code></community_code>
    <latitude>-15.514</latitude>
    <longitude>-145.5059</longitude>
  </object>
  <object>
    <country_code>PF</country_code>
    <zipcode>98787</zipcode>
    <place>Tearavero</place>
    <state>Îles Tuamotu-Gambier</state>
    <state_code>03</state_code>
    <province>Fakarava</province>
    <province_code>98716</province_code>
    <community></community>
    <community_code></community_code>
    <latitude>-15.8592</latitude>
    <longitude>-145.1344</longitude>
  </object>
  <object>
    <country_code>PF</country_code>
    <zipcode>98790</zipcode>
    <place>Motu Tapu</place>
    <state>Îles Tuamotu-Gambier</state>
    <state_code>03</state_code>
    <province>Fakarava</province>
    <province_code>98716</province_code>
    <community></community>
    <community_code></community_code>
    <latitude>-16.2492</latitude>
    <longitude>-144.9277</longitude>
  </object>
  <object>
    <country_code>PF</country_code>
    <zipcode>98790</zipcode>
    <place>Ofare</place>
    <state>Îles Tuamotu-Gambier</state>
    <state_code>03</state_code>
    <province>Fakarava</province>
    <province_code>98716</province_code>
    <community></community>
    <community_code></community_code>
    <latitude>-16.2492</latitude>
    <longitude>-144.9277</longitude>
  </object>
  <object>
    <country_code>PF</country_code>
    <zipcode>98790</zipcode>
    <place>Toau</place>
    <state>Îles Tuamotu-Gambier</state>
    <state_code>03</state_code>
    <province>Fakarava</province>
    <province_code>98716</province_code>
    <community></community>
    <community_code></community_code>
    <latitude>-15.8601</latitude>
    <longitude>-146.0092</longitude>
  </object>
  <object>
    <country_code>PF</country_code>
    <zipcode>98765</zipcode>
    <place>Teana</place>
    <state>Îles Tuamotu-Gambier</state>
    <state_code>03</state_code>
    <province>Fangatau</province>
    <province_code>98717</province_code>
    <community></community>
    <community_code></community_code>
    <latitude>-15.8223</latitude>
    <longitude>-140.8657</longitude>
  </object>
  <object>
    <country_code>PF</country_code>
    <zipcode>98766</zipcode>
    <place>Tarione</place>
    <state>Îles Tuamotu-Gambier</state>
    <state_code>03</state_code>
    <province>Fangatau</province>
    <province_code>98717</province_code>
    <community></community>
    <community_code></community_code>
    <latitude>-15.9819</latitude>
    <longitude>-140.1323</longitude>
  </object>
  <object>
    <country_code>PF</country_code>
    <zipcode>98755</zipcode>
    <place>Mangareva</place>
    <state>Îles Tuamotu-Gambier</state>
    <state_code>03</state_code>
    <province>Gambier</province>
    <province_code>98719</province_code>
    <community></community>
    <community_code></community_code>
    <latitude>-23.1066</latitude>
    <longitude>-134.9622</longitude>
  </object>
  <object>
    <country_code>PF</country_code>
    <zipcode>98755</zipcode>
    <place>Taravai</place>
    <state>Îles Tuamotu-Gambier</state>
    <state_code>03</state_code>
    <province>Gambier</province>
    <province_code>98719</province_code>
    <community></community>
    <community_code></community_code>
    <latitude>-23.1473</latitude>
    <longitude>-135.0395</longitude>
  </object>
  <object>
    <country_code>PF</country_code>
    <zipcode>98755</zipcode>
    <place>Akamaru</place>
    <state>Îles Tuamotu-Gambier</state>
    <state_code>03</state_code>
    <province>Gambier</province>
    <province_code>98719</province_code>
    <community></community>
    <community_code></community_code>
    <latitude>-23.1861</latitude>
    <longitude>-134.914</longitude>
  </object>
  <object>
    <country_code>PF</country_code>
    <zipcode>98755</zipcode>
    <place>Makaroa</place>
    <state>Îles Tuamotu-Gambier</state>
    <state_code>03</state_code>
    <province>Gambier</province>
    <province_code>98719</province_code>
    <community></community>
    <community_code></community_code>
    <latitude>-23.1321</latitude>
    <longitude>-134.9038</longitude>
  </object>
  <object>
    <country_code>PF</country_code>
    <zipcode>98755</zipcode>
    <place>Kamaka</place>
    <state>Îles Tuamotu-Gambier</state>
    <state_code>03</state_code>
    <province>Gambier</province>
    <province_code>98719</province_code>
    <community></community>
    <community_code></community_code>
    <latitude>-23.2432</latitude>
    <longitude>-134.9578</longitude>
  </object>
  <object>
    <country_code>PF</country_code>
    <zipcode>98755</zipcode>
    <place>Aukena</place>
    <state>Îles Tuamotu-Gambier</state>
    <state_code>03</state_code>
    <province>Gambier</province>
    <province_code>98719</province_code>
    <community></community>
    <community_code></community_code>
    <latitude>-23.2187</latitude>
    <longitude>-134.9711</longitude>
  </object>
  <object>
    <country_code>PF</country_code>
    <zipcode>98755</zipcode>
    <place>Angakauitai</place>
    <state>Îles Tuamotu-Gambier</state>
    <state_code>03</state_code>
    <province>Gambier</province>
    <province_code>98719</province_code>
    <community></community>
    <community_code></community_code>
    <latitude>-23.1658</latitude>
    <longitude>-135.0354</longitude>
  </object>
  <object>
    <country_code>PF</country_code>
    <zipcode>98755</zipcode>
    <place>Rikitea</place>
    <state>Îles Tuamotu-Gambier</state>
    <state_code>03</state_code>
    <province>Gambier</province>
    <province_code>98719</province_code>
    <community></community>
    <community_code></community_code>
    <latitude>-21.3081</latitude>
    <longitude>-136.75</longitude>
  </object>
  <object>
    <country_code>PF</country_code>
    <zipcode>98755</zipcode>
    <place>Maniui</place>
    <state>Îles Tuamotu-Gambier</state>
    <state_code>03</state_code>
    <province>Gambier</province>
    <province_code>98719</province_code>
    <community></community>
    <community_code></community_code>
    <latitude>-21.3081</latitude>
    <longitude>-136.75</longitude>
  </object>
  <object>
    <country_code>PF</country_code>
    <zipcode>98792</zipcode>
    <place>Motureivavao</place>
    <state>Îles Tuamotu-Gambier</state>
    <state_code>03</state_code>
    <province>Gambier</province>
    <province_code>98719</province_code>
    <community></community>
    <community_code></community_code>
    <latitude>-21.3081</latitude>
    <longitude>-136.75</longitude>
  </object>
  <object>
    <country_code>PF</country_code>
    <zipcode>98792</zipcode>
    <place>Temoe</place>
    <state>Îles Tuamotu-Gambier</state>
    <state_code>03</state_code>
    <province>Gambier</province>
    <province_code>98719</province_code>
    <community></community>
    <community_code></community_code>
    <latitude>-23.3443</latitude>
    <longitude>-134.4792</longitude>
  </object>
  <object>
    <country_code>PF</country_code>
    <zipcode>98792</zipcode>
    <place>Maria Est</place>
    <state>Îles Tuamotu-Gambier</state>
    <state_code>03</state_code>
    <province>Gambier</province>
    <province_code>98719</province_code>
    <community></community>
    <community_code></community_code>
    <latitude>-21.3081</latitude>
    <longitude>-136.75</longitude>
  </object>
  <object>
    <country_code>PF</country_code>
    <zipcode>98792</zipcode>
    <place>Vahanga</place>
    <state>Îles Tuamotu-Gambier</state>
    <state_code>03</state_code>
    <province>Gambier</province>
    <province_code>98719</province_code>
    <community></community>
    <community_code></community_code>
    <latitude>-21.3315</latitude>
    <longitude>-136.6522</longitude>
  </object>
  <object>
    <country_code>PF</country_code>
    <zipcode>98792</zipcode>
    <place>Tenarunga</place>
    <state>Îles Tuamotu-Gambier</state>
    <state_code>03</state_code>
    <province>Gambier</province>
    <province_code>98719</province_code>
    <community></community>
    <community_code></community_code>
    <latitude>-21.3446</latitude>
    <longitude>-136.5425</longitude>
  </object>
  <object>
    <country_code>PF</country_code>
    <zipcode>98792</zipcode>
    <place>Morane</place>
    <state>Îles Tuamotu-Gambier</state>
    <state_code>03</state_code>
    <province>Gambier</province>
    <province_code>98719</province_code>
    <community></community>
    <community_code></community_code>
    <latitude>-23.1526</latitude>
    <longitude>-137.1315</longitude>
  </object>
  <object>
    <country_code>PF</country_code>
    <zipcode>98792</zipcode>
    <place>Tenararo</place>
    <state>Îles Tuamotu-Gambier</state>
    <state_code>03</state_code>
    <province>Gambier</province>
    <province_code>98719</province_code>
    <community></community>
    <community_code></community_code>
    <latitude>-21.3051</latitude>
    <longitude>-136.7465</longitude>
  </object>
  <object>
    <country_code>PF</country_code>
    <zipcode>98793</zipcode>
    <place>Marutea Sud</place>
    <state>Îles Tuamotu-Gambier</state>
    <state_code>03</state_code>
    <province>Gambier</province>
    <province_code>98719</province_code>
    <community></community>
    <community_code></community_code>
    <latitude>-21.5187</latitude>
    <longitude>-135.5622</longitude>
  </object>
  <object>
    <country_code>PF</country_code>
    <zipcode>98767</zipcode>
    <place>Otepa</place>
    <state>Îles Tuamotu-Gambier</state>
    <state_code>03</state_code>
    <province>Hao</province>
    <province_code>98720</province_code>
    <community></community>
    <community_code></community_code>
    <latitude>-18.2622</latitude>
    <longitude>-140.8621</longitude>
  </object>
  <object>
    <country_code>PF</country_code>
    <zipcode>98790</zipcode>
    <place>Amanu</place>
    <state>Îles Tuamotu-Gambier</state>
    <state_code>03</state_code>
    <province>Hao</province>
    <province_code>98720</province_code>
    <community></community>
    <community_code></community_code>
    <latitude>-17.8028</latitude>
    <longitude>-140.7716</longitude>
  </object>
  <object>
    <country_code>PF</country_code>
    <zipcode>98790</zipcode>
    <place>Hikitake</place>
    <state>Îles Tuamotu-Gambier</state>
    <state_code>03</state_code>
    <province>Hao</province>
    <province_code>98720</province_code>
    <community></community>
    <community_code></community_code>
    <latitude>-20.6982</latitude>
    <longitude>-143.0476</longitude>
  </object>
  <object>
    <country_code>PF</country_code>
    <zipcode>98790</zipcode>
    <place>Otetou</place>
    <state>Îles Tuamotu-Gambier</state>
    <state_code>03</state_code>
    <province>Hao</province>
    <province_code>98720</province_code>
    <community></community>
    <community_code></community_code>
    <latitude>-20.6982</latitude>
    <longitude>-143.0476</longitude>
  </object>
  <object>
    <country_code>PF</country_code>
    <zipcode>98790</zipcode>
    <place>Teanoga</place>
    <state>Îles Tuamotu-Gambier</state>
    <state_code>03</state_code>
    <province>Hao</province>
    <province_code>98720</province_code>
    <community></community>
    <community_code></community_code>
    <latitude>-20.6982</latitude>
    <longitude>-143.0476</longitude>
  </object>
  <object>
    <country_code>PF</country_code>
    <zipcode>98790</zipcode>
    <place>Manuhangi</place>
    <state>Îles Tuamotu-Gambier</state>
    <state_code>03</state_code>
    <province>Hao</province>
    <province_code>98720</province_code>
    <community></community>
    <community_code></community_code>
    <latitude>-19.1971</latitude>
    <longitude>-141.2449</longitude>
  </object>
  <object>
    <country_code>PF</country_code>
    <zipcode>98790</zipcode>
    <place>Nengonengo</place>
    <state>Îles Tuamotu-Gambier</state>
    <state_code>03</state_code>
    <province>Hao</province>
    <province_code>98720</province_code>
    <community></community>
    <community_code></community_code>
    <latitude>-18.7332</latitude>
    <longitude>-141.8199</longitude>
  </object>
  <object>
    <country_code>PF</country_code>
    <zipcode>98790</zipcode>
    <place>Paraoa</place>
    <state>Îles Tuamotu-Gambier</state>
    <state_code>03</state_code>
    <province>Hao</province>
    <province_code>98720</province_code>
    <community></community>
    <community_code></community_code>
    <latitude>-19.1265</latitude>
    <longitude>-140.6894</longitude>
  </object>
  <object>
    <country_code>PF</country_code>
    <zipcode>98790</zipcode>
    <place>Ahunui</place>
    <state>Îles Tuamotu-Gambier</state>
    <state_code>03</state_code>
    <province>Hao</province>
    <province_code>98720</province_code>
    <community></community>
    <community_code></community_code>
    <latitude>-19.634</latitude>
    <longitude>-140.4082</longitude>
  </object>
  <object>
    <country_code>PF</country_code>
    <zipcode>98790</zipcode>
    <place>Herehretue</place>
    <state>Îles Tuamotu-Gambier</state>
    <state_code>03</state_code>
    <province>Hao</province>
    <province_code>98720</province_code>
    <community></community>
    <community_code></community_code>
    <latitude>-20.6982</latitude>
    <longitude>-143.0476</longitude>
  </object>
  <object>
    <country_code>PF</country_code>
    <zipcode>98768</zipcode>
    <place>Tupapati</place>
    <state>Îles Tuamotu-Gambier</state>
    <state_code>03</state_code>
    <province>Hikueru</province>
    <province_code>98721</province_code>
    <community></community>
    <community_code></community_code>
    <latitude>-17.569</latitude>
    <longitude>-142.5933</longitude>
  </object>
  <object>
    <country_code>PF</country_code>
    <zipcode>98790</zipcode>
    <place>Motutapu</place>
    <state>Îles Tuamotu-Gambier</state>
    <state_code>03</state_code>
    <province>Hikueru</province>
    <province_code>98721</province_code>
    <community></community>
    <community_code></community_code>
    <latitude>-17.8493</latitude>
    <longitude>-143.066</longitude>
  </object>
  <object>
    <country_code>PF</country_code>
    <zipcode>98790</zipcode>
    <place>Mahetika</place>
    <state>Îles Tuamotu-Gambier</state>
    <state_code>03</state_code>
    <province>Hikueru</province>
    <province_code>98721</province_code>
    <community></community>
    <community_code></community_code>
    <latitude>-17.8493</latitude>
    <longitude>-143.066</longitude>
  </object>
  <object>
    <country_code>PF</country_code>
    <zipcode>98790</zipcode>
    <place>Tepeperu</place>
    <state>Îles Tuamotu-Gambier</state>
    <state_code>03</state_code>
    <province>Hikueru</province>
    <province_code>98721</province_code>
    <community></community>
    <community_code></community_code>
    <latitude>-17.8493</latitude>
    <longitude>-143.066</longitude>
  </object>
  <object>
    <country_code>PF</country_code>
    <zipcode>98790</zipcode>
    <place>Ravahere</place>
    <state>Îles Tuamotu-Gambier</state>
    <state_code>03</state_code>
    <province>Hikueru</province>
    <province_code>98721</province_code>
    <community></community>
    <community_code></community_code>
    <latitude>-18.2444</latitude>
    <longitude>-142.1514</longitude>
  </object>
  <object>
    <country_code>PF</country_code>
    <zipcode>98769</zipcode>
    <place>Pouheva</place>
    <state>Îles Tuamotu-Gambier</state>
    <state_code>03</state_code>
    <province>Makemo</province>
    <province_code>98726</province_code>
    <community></community>
    <community_code></community_code>
    <latitude>-16.5535</latitude>
    <longitude>-143.6946</longitude>
  </object>
  <object>
    <country_code>PF</country_code>
    <zipcode>98789</zipcode>
    <place>Hitianau</place>
    <state>Îles Tuamotu-Gambier</state>
    <state_code>03</state_code>
    <province>Makemo</province>
    <province_code>98726</province_code>
    <community></community>
    <community_code></community_code>
    <latitude>-16.3986</latitude>
    <longitude>-144.3321</longitude>
  </object>
  <object>
    <country_code>PF</country_code>
    <zipcode>98790</zipcode>
    <place>Haraiki</place>
    <state>Îles Tuamotu-Gambier</state>
    <state_code>03</state_code>
    <province>Makemo</province>
    <province_code>98726</province_code>
    <community></community>
    <community_code></community_code>
    <latitude>-17.4589</latitude>
    <longitude>-143.4506</longitude>
  </object>
  <object>
    <country_code>PF</country_code>
    <zipcode>98790</zipcode>
    <place>Otatake</place>
    <state>Îles Tuamotu-Gambier</state>
    <state_code>03</state_code>
    <province>Makemo</province>
    <province_code>98726</province_code>
    <community></community>
    <community_code></community_code>
    <latitude>-16.3277</latitude>
    <longitude>-143.1146</longitude>
  </object>
  <object>
    <country_code>PF</country_code>
    <zipcode>98790</zipcode>
    <place>Henuaparea</place>
    <state>Îles Tuamotu-Gambier</state>
    <state_code>03</state_code>
    <province>Makemo</province>
    <province_code>98726</province_code>
    <community></community>
    <community_code></community_code>
    <latitude>-16.3277</latitude>
    <longitude>-143.1146</longitude>
  </object>
  <object>
    <country_code>PF</country_code>
    <zipcode>98790</zipcode>
    <place>Garumaoa</place>
    <state>Îles Tuamotu-Gambier</state>
    <state_code>03</state_code>
    <province>Makemo</province>
    <province_code>98726</province_code>
    <community></community>
    <community_code></community_code>
    <latitude>-16.3277</latitude>
    <longitude>-143.1146</longitude>
  </object>
  <object>
    <country_code>PF</country_code>
    <zipcode>98790</zipcode>
    <place>Tuanake</place>
    <state>Îles Tuamotu-Gambier</state>
    <state_code>03</state_code>
    <province>Makemo</province>
    <province_code>98726</province_code>
    <community></community>
    <community_code></community_code>
    <latitude>-16.6423</latitude>
    <longitude>-144.2118</longitude>
  </object>
  <object>
    <country_code>PF</country_code>
    <zipcode>98790</zipcode>
    <place>Tepoto Sud</place>
    <state>Îles Tuamotu-Gambier</state>
    <state_code>03</state_code>
    <province>Makemo</province>
    <province_code>98726</province_code>
    <community></community>
    <community_code></community_code>
    <latitude>-16.8175</latitude>
    <longitude>-144.2853</longitude>
  </object>
  <object>
    <country_code>PF</country_code>
    <zipcode>98790</zipcode>
    <place>Marutea Nord</place>
    <state>Îles Tuamotu-Gambier</state>
    <state_code>03</state_code>
    <province>Makemo</province>
    <province_code>98726</province_code>
    <community></community>
    <community_code></community_code>
    <latitude>-17.0581</latitude>
    <longitude>-143.0778</longitude>
  </object>
  <object>
    <country_code>PF</country_code>
    <zipcode>98790</zipcode>
    <place>Hiti</place>
    <state>Îles Tuamotu-Gambier</state>
    <state_code>03</state_code>
    <province>Makemo</province>
    <province_code>98726</province_code>
    <community></community>
    <community_code></community_code>
    <latitude>-16.7164</latitude>
    <longitude>-144.0984</longitude>
  </object>
  <object>
    <country_code>PF</country_code>
    <zipcode>98770</zipcode>
    <place>Tenokupara</place>
    <state>Îles Tuamotu-Gambier</state>
    <state_code>03</state_code>
    <province>Manihi</province>
    <province_code>98727</province_code>
    <community></community>
    <community_code></community_code>
    <latitude>-14.4846</latitude>
    <longitude>-146.3073</longitude>
  </object>
  <object>
    <country_code>PF</country_code>
    <zipcode>98771</zipcode>
    <place>Turipaoa</place>
    <state>Îles Tuamotu-Gambier</state>
    <state_code>03</state_code>
    <province>Manihi</province>
    <province_code>98727</province_code>
    <community></community>
    <community_code></community_code>
    <latitude>-14.3985</latitude>
    <longitude>-145.9542</longitude>
  </object>
  <object>
    <country_code>PF</country_code>
    <zipcode>98772</zipcode>
    <place>Tepukamaruia</place>
    <state>Îles Tuamotu-Gambier</state>
    <state_code>03</state_code>
    <province>Napuka</province>
    <province_code>98730</province_code>
    <community></community>
    <community_code></community_code>
    <latitude>-14.173</latitude>
    <longitude>-141.2232</longitude>
  </object>
  <object>
    <country_code>PF</country_code>
    <zipcode>98773</zipcode>
    <place>Tavava</place>
    <state>Îles Tuamotu-Gambier</state>
    <state_code>03</state_code>
    <province>Nukutavake</province>
    <province_code>98732</province_code>
    <community></community>
    <community_code></community_code>
    <latitude>-19.28</latitude>
    <longitude>-138.7834</longitude>
  </object>
  <object>
    <country_code>PF</country_code>
    <zipcode>98788</zipcode>
    <place>Temanufaara</place>
    <state>Îles Tuamotu-Gambier</state>
    <state_code>03</state_code>
    <province>Nukutavake</province>
    <province_code>98732</province_code>
    <community></community>
    <community_code></community_code>
    <latitude>-18.7697</latitude>
    <longitude>-138.8211</longitude>
  </object>
  <object>
    <country_code>PF</country_code>
    <zipcode>98774</zipcode>
    <place>Teonemahina</place>
    <state>Îles Tuamotu-Gambier</state>
    <state_code>03</state_code>
    <province>Pukapuka</province>
    <province_code>98737</province_code>
    <community></community>
    <community_code></community_code>
    <latitude>-14.8161</latitude>
    <longitude>-138.8186</longitude>
  </object>
  <object>
    <country_code>PF</country_code>
    <zipcode>98775</zipcode>
    <place>Avatoru</place>
    <state>Îles Tuamotu-Gambier</state>
    <state_code>03</state_code>
    <province>Rangiroa</province>
    <province_code>98740</province_code>
    <community></community>
    <community_code></community_code>
    <latitude>-15.0732</latitude>
    <longitude>-147.5282</longitude>
  </object>
  <object>
    <country_code>PF</country_code>
    <zipcode>98776</zipcode>
    <place>Tiputa</place>
    <state>Îles Tuamotu-Gambier</state>
    <state_code>03</state_code>
    <province>Rangiroa</province>
    <province_code>98740</province_code>
    <community></community>
    <community_code></community_code>
    <latitude>-15.0732</latitude>
    <longitude>-147.5282</longitude>
  </object>
  <object>
    <country_code>PF</country_code>
    <zipcode>98777</zipcode>
    <place>Pahua</place>
    <state>Îles Tuamotu-Gambier</state>
    <state_code>03</state_code>
    <province>Rangiroa</province>
    <province_code>98740</province_code>
    <community></community>
    <community_code></community_code>
    <latitude>-14.8848</latitude>
    <longitude>-148.6748</longitude>
  </object>
  <object>
    <country_code>PF</country_code>
    <zipcode>98778</zipcode>
    <place>Tuherahera</place>
    <state>Îles Tuamotu-Gambier</state>
    <state_code>03</state_code>
    <province>Rangiroa</province>
    <province_code>98740</province_code>
    <community></community>
    <community_code></community_code>
    <latitude>-14.9934</latitude>
    <longitude>-148.162</longitude>
  </object>
  <object>
    <country_code>PF</country_code>
    <zipcode>98790</zipcode>
    <place>Vaitepaua</place>
    <state>Îles Tuamotu-Gambier</state>
    <state_code>03</state_code>
    <province>Rangiroa</province>
    <province_code>98740</province_code>
    <community></community>
    <community_code></community_code>
    <latitude>-15.0732</latitude>
    <longitude>-147.5282</longitude>
  </object>
  <object>
    <country_code>PF</country_code>
    <zipcode>98779</zipcode>
    <place>Tapuarava</place>
    <state>Îles Tuamotu-Gambier</state>
    <state_code>03</state_code>
    <province>Reao</province>
    <province_code>98742</province_code>
    <community></community>
    <community_code></community_code>
    <latitude>-18.514</latitude>
    <longitude>-136.3792</longitude>
  </object>
  <object>
    <country_code>PF</country_code>
    <zipcode>98780</zipcode>
    <place>Marautagaroa</place>
    <state>Îles Tuamotu-Gambier</state>
    <state_code>03</state_code>
    <province>Reao</province>
    <province_code>98742</province_code>
    <community></community>
    <community_code></community_code>
    <latitude>-18.3043</latitude>
    <longitude>-137.0173</longitude>
  </object>
  <object>
    <country_code>PF</country_code>
    <zipcode>98781</zipcode>
    <place>Teavaroa</place>
    <state>Îles Tuamotu-Gambier</state>
    <state_code>03</state_code>
    <province>Takaroa</province>
    <province_code>98749</province_code>
    <community></community>
    <community_code></community_code>
    <latitude>-14.4397</latitude>
    <longitude>-144.9533</longitude>
  </object>
  <object>
    <country_code>PF</country_code>
    <zipcode>98782</zipcode>
    <place>Fakatopatere</place>
    <state>Îles Tuamotu-Gambier</state>
    <state_code>03</state_code>
    <province>Takaroa</province>
    <province_code>98749</province_code>
    <community></community>
    <community_code></community_code>
    <latitude>-14.6334</latitude>
    <longitude>-145.2101</longitude>
  </object>
  <object>
    <country_code>PF</country_code>
    <zipcode>98790</zipcode>
    <place>Tikei</place>
    <state>Îles Tuamotu-Gambier</state>
    <state_code>03</state_code>
    <province>Takaroa</province>
    <province_code>98749</province_code>
    <community></community>
    <community_code></community_code>
    <latitude>-14.9505</latitude>
    <longitude>-144.5466</longitude>
  </object>
  <object>
    <country_code>PF</country_code>
    <zipcode>98783</zipcode>
    <place>Tumukuru</place>
    <state>Îles Tuamotu-Gambier</state>
    <state_code>03</state_code>
    <province>Tatakoto</province>
    <province_code>98751</province_code>
    <community></community>
    <community_code></community_code>
    <latitude>-17.3379</latitude>
    <longitude>-138.3978</longitude>
  </object>
  <object>
    <country_code>PF</country_code>
    <zipcode>98784</zipcode>
    <place>Fakamaru</place>
    <state>Îles Tuamotu-Gambier</state>
    <state_code>03</state_code>
    <province>Tureia</province>
    <province_code>98755</province_code>
    <community></community>
    <community_code></community_code>
    <latitude>-20.8244</latitude>
    <longitude>-138.54</longitude>
  </object>
  <object>
    <country_code>PF</country_code>
    <zipcode>98740</zipcode>
    <place>Omoa</place>
    <state>Îles Marquises</state>
    <state_code>04</state_code>
    <province>Fatu-Hiva</province>
    <province_code>98718</province_code>
    <community></community>
    <community_code></community_code>
    <latitude>-10.3612</latitude>
    <longitude>-138.4148</longitude>
  </object>
  <object>
    <country_code>PF</country_code>
    <zipcode>98740</zipcode>
    <place>Hanavave</place>
    <state>Îles Marquises</state>
    <state_code>04</state_code>
    <province>Fatu-Hiva</province>
    <province_code>98718</province_code>
    <community></community>
    <community_code></community_code>
    <latitude>-10.3612</latitude>
    <longitude>-138.4148</longitude>
  </object>
  <object>
    <country_code>PF</country_code>
    <zipcode>98741</zipcode>
    <place>Eiaone</place>
    <state>Îles Marquises</state>
    <state_code>04</state_code>
    <province>Hiva-Oa</province>
    <province_code>98723</province_code>
    <community></community>
    <community_code></community_code>
    <latitude>-9.7562</latitude>
    <longitude>-138.8869</longitude>
  </object>
  <object>
    <country_code>PF</country_code>
    <zipcode>98741</zipcode>
    <place>Nahoe</place>
    <state>Îles Marquises</state>
    <state_code>04</state_code>
    <province>Hiva-Oa</province>
    <province_code>98723</province_code>
    <community></community>
    <community_code></community_code>
    <latitude>-9.7562</latitude>
    <longitude>-138.8869</longitude>
  </object>
  <object>
    <country_code>PF</country_code>
    <zipcode>98741</zipcode>
    <place>Motu Ua</place>
    <state>Îles Marquises</state>
    <state_code>04</state_code>
    <province>Hiva-Oa</province>
    <province_code>98723</province_code>
    <community></community>
    <community_code></community_code>
    <latitude>-9.7562</latitude>
    <longitude>-138.8869</longitude>
  </object>
  <object>
    <country_code>PF</country_code>
    <zipcode>98741</zipcode>
    <place>Hanapaoa</place>
    <state>Îles Marquises</state>
    <state_code>04</state_code>
    <province>Hiva-Oa</province>
    <province_code>98723</province_code>
    <community></community>
    <community_code></community_code>
    <latitude>-9.7562</latitude>
    <longitude>-138.8869</longitude>
  </object>
  <object>
    <country_code>PF</country_code>
    <zipcode>98741</zipcode>
    <place>Hanaiapa</place>
    <state>Îles Marquises</state>
    <state_code>04</state_code>
    <province>Hiva-Oa</province>
    <province_code>98723</province_code>
    <community></community>
    <community_code></community_code>
    <latitude>-9.7562</latitude>
    <longitude>-138.8869</longitude>
  </object>
  <object>
    <country_code>PF</country_code>
    <zipcode>98741</zipcode>
    <place>Atuona</place>
    <state>Îles Marquises</state>
    <state_code>04</state_code>
    <province>Hiva-Oa</province>
    <province_code>98723</province_code>
    <community></community>
    <community_code></community_code>
    <latitude>-9.7765</latitude>
    <longitude>-139.0558</longitude>
  </object>
  <object>
    <country_code>PF</country_code>
    <zipcode>98741</zipcode>
    <place>Paumau</place>
    <state>Îles Marquises</state>
    <state_code>04</state_code>
    <province>Hiva-Oa</province>
    <province_code>98723</province_code>
    <community></community>
    <community_code></community_code>
    <latitude>-9.7562</latitude>
    <longitude>-138.8869</longitude>
  </object>
  <object>
    <country_code>PF</country_code>
    <zipcode>98749</zipcode>
    <place>Puamau</place>
    <state>Îles Marquises</state>
    <state_code>04</state_code>
    <province>Hiva-Oa</province>
    <province_code>98723</province_code>
    <community></community>
    <community_code></community_code>
    <latitude>-9.7683</latitude>
    <longitude>-138.9128</longitude>
  </object>
  <object>
    <country_code>PF</country_code>
    <zipcode>98796</zipcode>
    <place>Fatu Huku</place>
    <state>Îles Marquises</state>
    <state_code>04</state_code>
    <province>Hiva-Oa</province>
    <province_code>98723</province_code>
    <community></community>
    <community_code></community_code>
    <latitude>-9.4366</latitude>
    <longitude>-138.9263</longitude>
  </object>
  <object>
    <country_code>PF</country_code>
    <zipcode>98796</zipcode>
    <place>Mohotani</place>
    <state>Îles Marquises</state>
    <state_code>04</state_code>
    <province>Hiva-Oa</province>
    <province_code>98723</province_code>
    <community></community>
    <community_code></community_code>
    <latitude>-9.9852</latitude>
    <longitude>-138.8266</longitude>
  </object>
  <object>
    <country_code>PF</country_code>
    <zipcode>98742</zipcode>
    <place>Nukuataha</place>
    <state>Îles Marquises</state>
    <state_code>04</state_code>
    <province>Nuku-Hiva</province>
    <province_code>98731</province_code>
    <community></community>
    <community_code></community_code>
    <latitude>-8.8255</latitude>
    <longitude>-140.1304</longitude>
  </object>
  <object>
    <country_code>PF</country_code>
    <zipcode>98742</zipcode>
    <place>Taipivai</place>
    <state>Îles Marquises</state>
    <state_code>04</state_code>
    <province>Nuku-Hiva</province>
    <province_code>98731</province_code>
    <community></community>
    <community_code></community_code>
    <latitude>-8.8789</latitude>
    <longitude>-140.0595</longitude>
  </object>
  <object>
    <country_code>PF</country_code>
    <zipcode>98742</zipcode>
    <place>Taiohae</place>
    <state>Îles Marquises</state>
    <state_code>04</state_code>
    <province>Nuku-Hiva</province>
    <province_code>98731</province_code>
    <community></community>
    <community_code></community_code>
    <latitude>-8.8967</latitude>
    <longitude>-140.159</longitude>
  </object>
  <object>
    <country_code>PF</country_code>
    <zipcode>98742</zipcode>
    <place>Aakapa</place>
    <state>Îles Marquises</state>
    <state_code>04</state_code>
    <province>Nuku-Hiva</province>
    <province_code>98731</province_code>
    <community></community>
    <community_code></community_code>
    <latitude>-8.8255</latitude>
    <longitude>-140.1304</longitude>
  </object>
  <object>
    <country_code>PF</country_code>
    <zipcode>98742</zipcode>
    <place>Terre Deserte</place>
    <state>Îles Marquises</state>
    <state_code>04</state_code>
    <province>Nuku-Hiva</province>
    <province_code>98731</province_code>
    <community></community>
    <community_code></community_code>
    <latitude>-8.8255</latitude>
    <longitude>-140.1304</longitude>
  </object>
  <object>
    <country_code>PF</country_code>
    <zipcode>98748</zipcode>
    <place>Hatiheu</place>
    <state>Îles Marquises</state>
    <state_code>04</state_code>
    <province>Nuku-Hiva</province>
    <province_code>98731</province_code>
    <community></community>
    <community_code></community_code>
    <latitude>-8.8248</latitude>
    <longitude>-140.1581</longitude>
  </object>
  <object>
    <country_code>PF</country_code>
    <zipcode>98796</zipcode>
    <place>Hatu Iti</place>
    <state>Îles Marquises</state>
    <state_code>04</state_code>
    <province>Nuku-Hiva</province>
    <province_code>98731</province_code>
    <community></community>
    <community_code></community_code>
    <latitude>-8.6765</latitude>
    <longitude>-140.6174</longitude>
  </object>
  <object>
    <country_code>PF</country_code>
    <zipcode>98796</zipcode>
    <place>Eiao</place>
    <state>Îles Marquises</state>
    <state_code>04</state_code>
    <province>Nuku-Hiva</province>
    <province_code>98731</province_code>
    <community></community>
    <community_code></community_code>
    <latitude>-7.997</latitude>
    <longitude>-140.6885</longitude>
  </object>
  <object>
    <country_code>PF</country_code>
    <zipcode>98796</zipcode>
    <place>Hatutaa</place>
    <state>Îles Marquises</state>
    <state_code>04</state_code>
    <province>Nuku-Hiva</province>
    <province_code>98731</province_code>
    <community></community>
    <community_code></community_code>
    <latitude>-7.917</latitude>
    <longitude>-140.5712</longitude>
  </object>
  <object>
    <country_code>PF</country_code>
    <zipcode>98743</zipcode>
    <place>Hanatetena</place>
    <state>Îles Marquises</state>
    <state_code>04</state_code>
    <province>Tahuata</province>
    <province_code>98746</province_code>
    <community></community>
    <community_code></community_code>
    <latitude>-9.9575</latitude>
    <longitude>-139.0832</longitude>
  </object>
  <object>
    <country_code>PF</country_code>
    <zipcode>98743</zipcode>
    <place>Vaitahu</place>
    <state>Îles Marquises</state>
    <state_code>04</state_code>
    <province>Tahuata</province>
    <province_code>98746</province_code>
    <community></community>
    <community_code></community_code>
    <latitude>-9.9575</latitude>
    <longitude>-139.0832</longitude>
  </object>
  <object>
    <country_code>PF</country_code>
    <zipcode>98743</zipcode>
    <place>Hapatoni</place>
    <state>Îles Marquises</state>
    <state_code>04</state_code>
    <province>Tahuata</province>
    <province_code>98746</province_code>
    <community></community>
    <community_code></community_code>
    <latitude>-9.9575</latitude>
    <longitude>-139.0832</longitude>
  </object>
  <object>
    <country_code>PF</country_code>
    <zipcode>98743</zipcode>
    <place>Motopu</place>
    <state>Îles Marquises</state>
    <state_code>04</state_code>
    <province>Tahuata</province>
    <province_code>98746</province_code>
    <community></community>
    <community_code></community_code>
    <latitude>-9.9575</latitude>
    <longitude>-139.0832</longitude>
  </object>
  <object>
    <country_code>PF</country_code>
    <zipcode>98744</zipcode>
    <place>Vaipaee</place>
    <state>Îles Marquises</state>
    <state_code>04</state_code>
    <province>Ua Huka</province>
    <province_code>98756</province_code>
    <community></community>
    <community_code></community_code>
    <latitude>-8.9099</latitude>
    <longitude>-139.5493</longitude>
  </object>
  <object>
    <country_code>PF</country_code>
    <zipcode>98747</zipcode>
    <place>Hane</place>
    <state>Îles Marquises</state>
    <state_code>04</state_code>
    <province>Ua Huka</province>
    <province_code>98756</province_code>
    <community></community>
    <community_code></community_code>
    <latitude>-8.9084</latitude>
    <longitude>-139.5536</longitude>
  </object>
  <object>
    <country_code>PF</country_code>
    <zipcode>98745</zipcode>
    <place>Hakatao</place>
    <state>Îles Marquises</state>
    <state_code>04</state_code>
    <province>Ua-Pou</province>
    <province_code>98757</province_code>
    <community></community>
    <community_code></community_code>
    <latitude>-9.4283</latitude>
    <longitude>-140.0895</longitude>
  </object>
  <object>
    <country_code>PF</country_code>
    <zipcode>98745</zipcode>
    <place>Hakahetau</place>
    <state>Îles Marquises</state>
    <state_code>04</state_code>
    <province>Ua-Pou</province>
    <province_code>98757</province_code>
    <community></community>
    <community_code></community_code>
    <latitude>-9.4283</latitude>
    <longitude>-140.0895</longitude>
  </object>
  <object>
    <country_code>PF</country_code>
    <zipcode>98745</zipcode>
    <place>Hohoi</place>
    <state>Îles Marquises</state>
    <state_code>04</state_code>
    <province>Ua-Pou</province>
    <province_code>98757</province_code>
    <community></community>
    <community_code></community_code>
    <latitude>-9.4283</latitude>
    <longitude>-140.0895</longitude>
  </object>
  <object>
    <country_code>PF</country_code>
    <zipcode>98745</zipcode>
    <place>Hakahau</place>
    <state>Îles Marquises</state>
    <state_code>04</state_code>
    <province>Ua-Pou</province>
    <province_code>98757</province_code>
    <community></community>
    <community_code></community_code>
    <latitude>-9.3881</latitude>
    <longitude>-140.0638</longitude>
  </object>
  <object>
    <country_code>PF</country_code>
    <zipcode>98746</zipcode>
    <place>Hakamaii</place>
    <state>Îles Marquises</state>
    <state_code>04</state_code>
    <province>Ua-Pou</province>
    <province_code>98757</province_code>
    <community></community>
    <community_code></community_code>
    <latitude>-9.4176</latitude>
    <longitude>-140.0925</longitude>
  </object>
  <object>
    <country_code>PF</country_code>
    <zipcode>98746</zipcode>
    <place>Haakuti</place>
    <state>Îles Marquises</state>
    <state_code>04</state_code>
    <province>Ua-Pou</province>
    <province_code>98757</province_code>
    <community></community>
    <community_code></community_code>
    <latitude>-9.4283</latitude>
    <longitude>-140.0895</longitude>
  </object>
  <object>
    <country_code>PF</country_code>
    <zipcode>98750</zipcode>
    <place>Rairua</place>
    <state>Îles Australes</state>
    <state_code>05</state_code>
    <province>Raivavae</province>
    <province_code>98739</province_code>
    <community></community>
    <community_code></community_code>
    <latitude>-23.8793</latitude>
    <longitude>-147.6755</longitude>
  </object>
  <object>
    <country_code>PF</country_code>
    <zipcode>98750</zipcode>
    <place>Anatonu</place>
    <state>Îles Australes</state>
    <state_code>05</state_code>
    <province>Raivavae</province>
    <province_code>98739</province_code>
    <community></community>
    <community_code></community_code>
    <latitude>-23.8495</latitude>
    <longitude>-147.6237</longitude>
  </object>
  <object>
    <country_code>PF</country_code>
    <zipcode>98750</zipcode>
    <place>Vaiuru</place>
    <state>Îles Australes</state>
    <state_code>05</state_code>
    <province>Raivavae</province>
    <province_code>98739</province_code>
    <community></community>
    <community_code></community_code>
    <latitude>-23.8678</latitude>
    <longitude>-147.6381</longitude>
  </object>
  <object>
    <country_code>PF</country_code>
    <zipcode>98750</zipcode>
    <place>Mahanatoa</place>
    <state>Îles Australes</state>
    <state_code>05</state_code>
    <province>Raivavae</province>
    <province_code>98739</province_code>
    <community></community>
    <community_code></community_code>
    <latitude>-23.8793</latitude>
    <longitude>-147.6755</longitude>
  </object>
  <object>
    <country_code>PF</country_code>
    <zipcode>98751</zipcode>
    <place>Ahurei</place>
    <state>Îles Australes</state>
    <state_code>05</state_code>
    <province>Rapa</province>
    <province_code>98741</province_code>
    <community></community>
    <community_code></community_code>
    <latitude>-27.6056</latitude>
    <longitude>-144.344</longitude>
  </object>
  <object>
    <country_code>PF</country_code>
    <zipcode>98794</zipcode>
    <place>Marotiri</place>
    <state>Îles Australes</state>
    <state_code>05</state_code>
    <province>Rapa</province>
    <province_code>98741</province_code>
    <community></community>
    <community_code></community_code>
    <latitude>-27.8914</latitude>
    <longitude>-143.4959</longitude>
  </object>
  <object>
    <country_code>PF</country_code>
    <zipcode>98752</zipcode>
    <place>Rimatara</place>
    <state>Îles Australes</state>
    <state_code>05</state_code>
    <province>Rimatara</province>
    <province_code>98743</province_code>
    <community></community>
    <community_code></community_code>
    <latitude>-22.657</latitude>
    <longitude>-152.8051</longitude>
  </object>
  <object>
    <country_code>PF</country_code>
    <zipcode>98752</zipcode>
    <place>Amaru</place>
    <state>Îles Australes</state>
    <state_code>05</state_code>
    <province>Rimatara</province>
    <province_code>98743</province_code>
    <community></community>
    <community_code></community_code>
    <latitude>-22.6449</latitude>
    <longitude>-152.7982</longitude>
  </object>
  <object>
    <country_code>PF</country_code>
    <zipcode>98752</zipcode>
    <place>Anapoto</place>
    <state>Îles Australes</state>
    <state_code>05</state_code>
    <province>Rimatara</province>
    <province_code>98743</province_code>
    <community></community>
    <community_code></community_code>
    <latitude>-22.6456</latitude>
    <longitude>-152.8142</longitude>
  </object>
  <object>
    <country_code>PF</country_code>
    <zipcode>98752</zipcode>
    <place>Mutuaura</place>
    <state>Îles Australes</state>
    <state_code>05</state_code>
    <province>Rimatara</province>
    <province_code>98743</province_code>
    <community></community>
    <community_code></community_code>
    <latitude>-22.6567</latitude>
    <longitude>-152.8062</longitude>
  </object>
  <object>
    <country_code>PF</country_code>
    <zipcode>98795</zipcode>
    <place>Maria Ilots</place>
    <state>Îles Australes</state>
    <state_code>05</state_code>
    <province>Rimatara</province>
    <province_code>98743</province_code>
    <community></community>
    <community_code></community_code>
    <latitude>-22.657</latitude>
    <longitude>-152.8051</longitude>
  </object>
  <object>
    <country_code>PF</country_code>
    <zipcode>98753</zipcode>
    <place>Moerai</place>
    <state>Îles Australes</state>
    <state_code>05</state_code>
    <province>Rurutu</province>
    <province_code>98744</province_code>
    <community></community>
    <community_code></community_code>
    <latitude>-22.4543</latitude>
    <longitude>-151.3451</longitude>
  </object>
  <object>
    <country_code>PF</country_code>
    <zipcode>98753</zipcode>
    <place>Hauti</place>
    <state>Îles Australes</state>
    <state_code>05</state_code>
    <province>Rurutu</province>
    <province_code>98744</province_code>
    <community></community>
    <community_code></community_code>
    <latitude>-22.4975</latitude>
    <longitude>-151.3334</longitude>
  </object>
  <object>
    <country_code>PF</country_code>
    <zipcode>98753</zipcode>
    <place>Avera</place>
    <state>Îles Australes</state>
    <state_code>05</state_code>
    <province>Rurutu</province>
    <province_code>98744</province_code>
    <community></community>
    <community_code></community_code>
    <latitude>-22.5004</latitude>
    <longitude>-151.333</longitude>
  </object>
  <object>
    <country_code>PF</country_code>
    <zipcode>98754</zipcode>
    <place>Mataura</place>
    <state>Îles Australes</state>
    <state_code>05</state_code>
    <province>Tubuai</province>
    <province_code>98753</province_code>
    <community></community>
    <community_code></community_code>
    <latitude>-23.3667</latitude>
    <longitude>-149.4978</longitude>
  </object>
  <object>
    <country_code>PF</country_code>
    <zipcode>98754</zipcode>
    <place>Mahu</place>
    <state>Îles Australes</state>
    <state_code>05</state_code>
    <province>Tubuai</province>
    <province_code>98753</province_code>
    <community></community>
    <community_code></community_code>
    <latitude>-23.3886</latitude>
    <longitude>-149.4816</longitude>
  </object>
  <object>
    <country_code>PF</country_code>
    <zipcode>98754</zipcode>
    <place>Taahuaia</place>
    <state>Îles Australes</state>
    <state_code>05</state_code>
    <province>Tubuai</province>
    <province_code>98753</province_code>
    <community></community>
    <community_code></community_code>
    <latitude>-23.3637</latitude>
    <longitude>-149.453</longitude>
  </object>
</zipcodes>
<to_s/>
