<?xml version="1.0" encoding="UTF-8"?>
<zipcodes>
  <object>
    <country_code>AX</country_code>
    <zipcode>22100</zipcode>
    <place>Mariehamn</place>
    <state>Mariehamns stad</state>
    <state_code>211</state_code>
    <province>Mariehamn</province>
    <province_code>478</province_code>
    <community></community>
    <community_code></community_code>
    <latitude>60.1007</latitude>
    <longitude>19.9438</longitude>
  </object>
  <object>
    <country_code>AX</country_code>
    <zipcode>22101</zipcode>
    <place>Mariehamn</place>
    <state>Mariehamns stad</state>
    <state_code>211</state_code>
    <province>Mariehamn</province>
    <province_code>478</province_code>
    <community></community>
    <community_code></community_code>
    <latitude>60.0628</latitude>
    <longitude>19.9533</longitude>
  </object>
  <object>
    <country_code>AX</country_code>
    <zipcode>22110</zipcode>
    <place>Mariehamn</place>
    <state>Mariehamns stad</state>
    <state_code>211</state_code>
    <province>Mariehamn</province>
    <province_code>478</province_code>
    <community></community>
    <community_code></community_code>
    <latitude>60.0973</latitude>
    <longitude>19.9348</longitude>
  </object>
  <object>
    <country_code>AX</country_code>
    <zipcode>22111</zipcode>
    <place>Mariehamn</place>
    <state>Mariehamns stad</state>
    <state_code>211</state_code>
    <province>Mariehamn</province>
    <province_code>478</province_code>
    <community></community>
    <community_code></community_code>
    <latitude>60.0973</latitude>
    <longitude>19.9348</longitude>
  </object>
  <object>
    <country_code>AX</country_code>
    <zipcode>22270</zipcode>
    <place>Eckerö</place>
    <state>Ålands landsbygd</state>
    <state_code>212</state_code>
    <province>Eckerö</province>
    <province_code>043</province_code>
    <community></community>
    <community_code></community_code>
    <latitude>60.2203</latitude>
    <longitude>19.6263</longitude>
  </object>
  <object>
    <country_code>AX</country_code>
    <zipcode>22220</zipcode>
    <place>Emkarby</place>
    <state>Ålands landsbygd</state>
    <state_code>212</state_code>
    <province>Finström</province>
    <province_code>060</province_code>
    <community></community>
    <community_code></community_code>
    <latitude>60.2394</latitude>
    <longitude>19.848</longitude>
  </object>
  <object>
    <country_code>AX</country_code>
    <zipcode>22310</zipcode>
    <place>Pålsböle</place>
    <state>Ålands landsbygd</state>
    <state_code>212</state_code>
    <province>Finström</province>
    <province_code>060</province_code>
    <community></community>
    <community_code></community_code>
    <latitude>60.2756</latitude>
    <longitude>19.9057</longitude>
  </object>
  <object>
    <country_code>AX</country_code>
    <zipcode>22330</zipcode>
    <place>Tjudö</place>
    <state>Ålands landsbygd</state>
    <state_code>212</state_code>
    <province>Finström</province>
    <province_code>060</province_code>
    <community></community>
    <community_code></community_code>
    <latitude>60.3398</latitude>
    <longitude>19.9382</longitude>
  </object>
  <object>
    <country_code>AX</country_code>
    <zipcode>22410</zipcode>
    <place>Godby</place>
    <state>Ålands landsbygd</state>
    <state_code>212</state_code>
    <province>Finström</province>
    <province_code>060</province_code>
    <community></community>
    <community_code></community_code>
    <latitude>60.2294</latitude>
    <longitude>19.982</longitude>
  </object>
  <object>
    <country_code>AX</country_code>
    <zipcode>22411</zipcode>
    <place>Godby</place>
    <state>Ålands landsbygd</state>
    <state_code>212</state_code>
    <province>Finström</province>
    <province_code>060</province_code>
    <community></community>
    <community_code></community_code>
    <latitude>60.2235</latitude>
    <longitude>19.9794</longitude>
  </object>
  <object>
    <country_code>AX</country_code>
    <zipcode>22340</zipcode>
    <place>Geta</place>
    <state>Ålands landsbygd</state>
    <state_code>212</state_code>
    <province>Geta</province>
    <province_code>065</province_code>
    <community></community>
    <community_code></community_code>
    <latitude>60.3791</latitude>
    <longitude>19.8878</longitude>
  </object>
  <object>
    <country_code>AX</country_code>
    <zipcode>22240</zipcode>
    <place>Hammarland</place>
    <state>Ålands landsbygd</state>
    <state_code>212</state_code>
    <province>Hammarland</province>
    <province_code>076</province_code>
    <community></community>
    <community_code></community_code>
    <latitude>60.2286</latitude>
    <longitude>19.7396</longitude>
  </object>
  <object>
    <country_code>AX</country_code>
    <zipcode>22120</zipcode>
    <place>Mariehamn</place>
    <state>Ålands landsbygd</state>
    <state_code>212</state_code>
    <province>Jomala</province>
    <province_code>170</province_code>
    <community></community>
    <community_code></community_code>
    <latitude>60.1141</latitude>
    <longitude>19.913</longitude>
  </object>
  <object>
    <country_code>AX</country_code>
    <zipcode>22130</zipcode>
    <place>Gottby</place>
    <state>Ålands landsbygd</state>
    <state_code>212</state_code>
    <province>Jomala</province>
    <province_code>170</province_code>
    <community></community>
    <community_code></community_code>
    <latitude>60.1253</latitude>
    <longitude>19.8285</longitude>
  </object>
  <object>
    <country_code>AX</country_code>
    <zipcode>22140</zipcode>
    <place>Mariehamn</place>
    <state>Ålands landsbygd</state>
    <state_code>212</state_code>
    <province>Jomala</province>
    <province_code>170</province_code>
    <community></community>
    <community_code></community_code>
    <latitude>60.1109</latitude>
    <longitude>19.9898</longitude>
  </object>
  <object>
    <country_code>AX</country_code>
    <zipcode>22150</zipcode>
    <place>Jomala</place>
    <state>Ålands landsbygd</state>
    <state_code>212</state_code>
    <province>Jomala</province>
    <province_code>170</province_code>
    <community></community>
    <community_code></community_code>
    <latitude>60.1617</latitude>
    <longitude>19.9602</longitude>
  </object>
  <object>
    <country_code>AX</country_code>
    <zipcode>22151</zipcode>
    <place>Jomala</place>
    <state>Ålands landsbygd</state>
    <state_code>212</state_code>
    <province>Jomala</province>
    <province_code>170</province_code>
    <community></community>
    <community_code></community_code>
    <latitude>60.1497</latitude>
    <longitude>19.9521</longitude>
  </object>
  <object>
    <country_code>AX</country_code>
    <zipcode>22160</zipcode>
    <place>Mariehamn</place>
    <state>Ålands landsbygd</state>
    <state_code>212</state_code>
    <province>Lemland</province>
    <province_code>417</province_code>
    <community></community>
    <community_code></community_code>
    <latitude>60.0314</latitude>
    <longitude>20.0036</longitude>
  </object>
  <object>
    <country_code>AX</country_code>
    <zipcode>22610</zipcode>
    <place>Lemland</place>
    <state>Ålands landsbygd</state>
    <state_code>212</state_code>
    <province>Lemland</province>
    <province_code>417</province_code>
    <community></community>
    <community_code></community_code>
    <latitude>60.0491</latitude>
    <longitude>20.1232</longitude>
  </object>
  <object>
    <country_code>AX</country_code>
    <zipcode>22630</zipcode>
    <place>Lumparland</place>
    <state>Ålands landsbygd</state>
    <state_code>212</state_code>
    <province>Lumparland</province>
    <province_code>438</province_code>
    <community></community>
    <community_code></community_code>
    <latitude>60.1204</latitude>
    <longitude>20.2616</longitude>
  </object>
  <object>
    <country_code>AX</country_code>
    <zipcode>22320</zipcode>
    <place>Ödkarby</place>
    <state>Ålands landsbygd</state>
    <state_code>212</state_code>
    <province>Saltvik</province>
    <province_code>736</province_code>
    <community></community>
    <community_code></community_code>
    <latitude>60.3162</latitude>
    <longitude>20.0054</longitude>
  </object>
  <object>
    <country_code>AX</country_code>
    <zipcode>22430</zipcode>
    <place>Saltvik</place>
    <state>Ålands landsbygd</state>
    <state_code>212</state_code>
    <province>Saltvik</province>
    <province_code>736</province_code>
    <community></community>
    <community_code></community_code>
    <latitude>60.3146</latitude>
    <longitude>20.1073</longitude>
  </object>
  <object>
    <country_code>AX</country_code>
    <zipcode>22520</zipcode>
    <place>Kastelholm</place>
    <state>Ålands landsbygd</state>
    <state_code>212</state_code>
    <province>Sund</province>
    <province_code>771</province_code>
    <community></community>
    <community_code></community_code>
    <latitude>60.2383</latitude>
    <longitude>20.1013</longitude>
  </object>
  <object>
    <country_code>AX</country_code>
    <zipcode>22530</zipcode>
    <place>Sund</place>
    <state>Ålands landsbygd</state>
    <state_code>212</state_code>
    <province>Sund</province>
    <province_code>771</province_code>
    <community></community>
    <community_code></community_code>
    <latitude>60.2275</latitude>
    <longitude>20.1999</longitude>
  </object>
  <object>
    <country_code>AX</country_code>
    <zipcode>22840</zipcode>
    <place>Lappo</place>
    <state>Ålands skärgård</state>
    <state_code>213</state_code>
    <province>Brändö</province>
    <province_code>035</province_code>
    <community></community>
    <community_code></community_code>
    <latitude>60.3107</latitude>
    <longitude>20.9895</longitude>
  </object>
  <object>
    <country_code>AX</country_code>
    <zipcode>22910</zipcode>
    <place>Torsholma</place>
    <state>Ålands skärgård</state>
    <state_code>213</state_code>
    <province>Brändö</province>
    <province_code>035</province_code>
    <community></community>
    <community_code></community_code>
    <latitude>60.3556</latitude>
    <longitude>21.0648</longitude>
  </object>
  <object>
    <country_code>AX</country_code>
    <zipcode>22920</zipcode>
    <place>Brändö</place>
    <state>Ålands skärgård</state>
    <state_code>213</state_code>
    <province>Brändö</province>
    <province_code>035</province_code>
    <community></community>
    <community_code></community_code>
    <latitude>60.4138</latitude>
    <longitude>21.039</longitude>
  </object>
  <object>
    <country_code>AX</country_code>
    <zipcode>22930</zipcode>
    <place>Fiskö</place>
    <state>Ålands skärgård</state>
    <state_code>213</state_code>
    <province>Brändö</province>
    <province_code>035</province_code>
    <community></community>
    <community_code></community_code>
    <latitude>60.4525</latitude>
    <longitude>21.0695</longitude>
  </object>
  <object>
    <country_code>AX</country_code>
    <zipcode>22940</zipcode>
    <place>Åva</place>
    <state>Ålands skärgård</state>
    <state_code>213</state_code>
    <province>Brändö</province>
    <province_code>035</province_code>
    <community></community>
    <community_code></community_code>
    <latitude>60.4588</latitude>
    <longitude>21.1607</longitude>
  </object>
  <object>
    <country_code>AX</country_code>
    <zipcode>22950</zipcode>
    <place>Jurmo</place>
    <state>Ålands skärgård</state>
    <state_code>213</state_code>
    <province>Brändö</province>
    <province_code>035</province_code>
    <community></community>
    <community_code></community_code>
    <latitude>60.5196</latitude>
    <longitude>21.0717</longitude>
  </object>
  <object>
    <country_code>AX</country_code>
    <zipcode>22710</zipcode>
    <place>Föglö</place>
    <state>Ålands skärgård</state>
    <state_code>213</state_code>
    <province>Föglö</province>
    <province_code>062</province_code>
    <community></community>
    <community_code></community_code>
    <latitude>60.0316</latitude>
    <longitude>20.4605</longitude>
  </object>
  <object>
    <country_code>AX</country_code>
    <zipcode>22810</zipcode>
    <place>Seglinge</place>
    <state>Ålands skärgård</state>
    <state_code>213</state_code>
    <province>Kumlinge</province>
    <province_code>295</province_code>
    <community></community>
    <community_code></community_code>
    <latitude>60.2018</latitude>
    <longitude>20.7098</longitude>
  </object>
  <object>
    <country_code>AX</country_code>
    <zipcode>22820</zipcode>
    <place>Kumlinge</place>
    <state>Ålands skärgård</state>
    <state_code>213</state_code>
    <province>Kumlinge</province>
    <province_code>295</province_code>
    <community></community>
    <community_code></community_code>
    <latitude>60.261</latitude>
    <longitude>20.7934</longitude>
  </object>
  <object>
    <country_code>AX</country_code>
    <zipcode>22830</zipcode>
    <place>Enklinge</place>
    <state>Ålands skärgård</state>
    <state_code>213</state_code>
    <province>Kumlinge</province>
    <province_code>295</province_code>
    <community></community>
    <community_code></community_code>
    <latitude>60.3349</latitude>
    <longitude>20.758</longitude>
  </object>
  <object>
    <country_code>AX</country_code>
    <zipcode>22730</zipcode>
    <place>Kökar</place>
    <state>Ålands skärgård</state>
    <state_code>213</state_code>
    <province>Kökar</province>
    <province_code>318</province_code>
    <community></community>
    <community_code></community_code>
    <latitude>59.9345</latitude>
    <longitude>20.9298</longitude>
  </object>
  <object>
    <country_code>AX</country_code>
    <zipcode>22720</zipcode>
    <place>Sottunga</place>
    <state>Ålands skärgård</state>
    <state_code>213</state_code>
    <province>Sottunga</province>
    <province_code>766</province_code>
    <community></community>
    <community_code></community_code>
    <latitude>60.1248</latitude>
    <longitude>20.6751</longitude>
  </object>
  <object>
    <country_code>AX</country_code>
    <zipcode>22550</zipcode>
    <place>Vårdö</place>
    <state>Ålands skärgård</state>
    <state_code>213</state_code>
    <province>Vårdö</province>
    <province_code>941</province_code>
    <community></community>
    <community_code></community_code>
    <latitude>60.2607</latitude>
    <longitude>20.3725</longitude>
  </object>
</zipcodes>
<to_s/>
