<?xml version="1.0" encoding="UTF-8"?>
<zipcodes>
  <object>
    <country_code>IE</country_code>
    <zipcode>F12</zipcode>
    <place>Knock</place>
    <state>Connacht</state>
    <state_code>C</state_code>
    <province></province>
    <province_code></province_code>
    <community></community>
    <community_code></community_code>
    <latitude>53.7939</latitude>
    <longitude>-8.9196</longitude>
  </object>
  <object>
    <country_code>IE</country_code>
    <zipcode>F23</zipcode>
    <place>Castlebar</place>
    <state>Connacht</state>
    <state_code>C</state_code>
    <province></province>
    <province_code></province_code>
    <community></community>
    <community_code></community_code>
    <latitude>53.85</latitude>
    <longitude>-9.3</longitude>
  </object>
  <object>
    <country_code>IE</country_code>
    <zipcode>F26</zipcode>
    <place>Ballina</place>
    <state>Connacht</state>
    <state_code>C</state_code>
    <province></province>
    <province_code></province_code>
    <community></community>
    <community_code></community_code>
    <latitude>54.1167</latitude>
    <longitude>-9.1667</longitude>
  </object>
  <object>
    <country_code>IE</country_code>
    <zipcode>F28</zipcode>
    <place>Westport</place>
    <state>Connacht</state>
    <state_code>C</state_code>
    <province></province>
    <province_code></province_code>
    <community></community>
    <community_code></community_code>
    <latitude>53.8</latitude>
    <longitude>-9.5167</longitude>
  </object>
  <object>
    <country_code>IE</country_code>
    <zipcode>F31</zipcode>
    <place>Ballinrobe</place>
    <state>Connacht</state>
    <state_code>C</state_code>
    <province></province>
    <province_code></province_code>
    <community></community>
    <community_code></community_code>
    <latitude>53.6333</latitude>
    <longitude>-9.2333</longitude>
  </object>
  <object>
    <country_code>IE</country_code>
    <zipcode>F35</zipcode>
    <place>Ballyhaunis</place>
    <state>Connacht</state>
    <state_code>C</state_code>
    <province></province>
    <province_code></province_code>
    <community></community>
    <community_code></community_code>
    <latitude>53.7667</latitude>
    <longitude>-8.7667</longitude>
  </object>
  <object>
    <country_code>IE</country_code>
    <zipcode>F42</zipcode>
    <place>Roscommon</place>
    <state>Connacht</state>
    <state_code>C</state_code>
    <province></province>
    <province_code></province_code>
    <community></community>
    <community_code></community_code>
    <latitude>53.6333</latitude>
    <longitude>-8.1833</longitude>
  </object>
  <object>
    <country_code>IE</country_code>
    <zipcode>F45</zipcode>
    <place>Castlerea</place>
    <state>Connacht</state>
    <state_code>C</state_code>
    <province></province>
    <province_code></province_code>
    <community></community>
    <community_code></community_code>
    <latitude>53.7667</latitude>
    <longitude>-8.5</longitude>
  </object>
  <object>
    <country_code>IE</country_code>
    <zipcode>F52</zipcode>
    <place>Boyle</place>
    <state>Connacht</state>
    <state_code>C</state_code>
    <province></province>
    <province_code></province_code>
    <community></community>
    <community_code></community_code>
    <latitude>53.9667</latitude>
    <longitude>-8.3</longitude>
  </object>
  <object>
    <country_code>IE</country_code>
    <zipcode>F56</zipcode>
    <place>Ballymote</place>
    <state>Connacht</state>
    <state_code>C</state_code>
    <province></province>
    <province_code></province_code>
    <community></community>
    <community_code></community_code>
    <latitude>54.0833</latitude>
    <longitude>-8.5167</longitude>
  </object>
  <object>
    <country_code>IE</country_code>
    <zipcode>F91</zipcode>
    <place>Sligo</place>
    <state>Connacht</state>
    <state_code>C</state_code>
    <province></province>
    <province_code></province_code>
    <community></community>
    <community_code></community_code>
    <latitude>54.2697</latitude>
    <longitude>-8.4694</longitude>
  </object>
  <object>
    <country_code>IE</country_code>
    <zipcode>H53</zipcode>
    <place>Ballinasloe</place>
    <state>Connacht</state>
    <state_code>C</state_code>
    <province></province>
    <province_code></province_code>
    <community></community>
    <community_code></community_code>
    <latitude>53.3275</latitude>
    <longitude>-8.2194</longitude>
  </object>
  <object>
    <country_code>IE</country_code>
    <zipcode>H54</zipcode>
    <place>Tuam</place>
    <state>Connacht</state>
    <state_code>C</state_code>
    <province></province>
    <province_code></province_code>
    <community></community>
    <community_code></community_code>
    <latitude>53.5167</latitude>
    <longitude>-8.85</longitude>
  </object>
  <object>
    <country_code>IE</country_code>
    <zipcode>H62</zipcode>
    <place>Loughrea</place>
    <state>Connacht</state>
    <state_code>C</state_code>
    <province></province>
    <province_code></province_code>
    <community></community>
    <community_code></community_code>
    <latitude>53.1969</latitude>
    <longitude>-8.5669</longitude>
  </object>
  <object>
    <country_code>IE</country_code>
    <zipcode>H65</zipcode>
    <place>Athenry</place>
    <state>Connacht</state>
    <state_code>C</state_code>
    <province></province>
    <province_code></province_code>
    <community></community>
    <community_code></community_code>
    <latitude>53.2964</latitude>
    <longitude>-8.7431</longitude>
  </object>
  <object>
    <country_code>IE</country_code>
    <zipcode>H71</zipcode>
    <place>Clifden</place>
    <state>Connacht</state>
    <state_code>C</state_code>
    <province></province>
    <province_code></province_code>
    <community></community>
    <community_code></community_code>
    <latitude>53.4891</latitude>
    <longitude>-10.0191</longitude>
  </object>
  <object>
    <country_code>IE</country_code>
    <zipcode>H91</zipcode>
    <place>Galway</place>
    <state>Connacht</state>
    <state_code>C</state_code>
    <province></province>
    <province_code></province_code>
    <community></community>
    <community_code></community_code>
    <latitude>53.2719</latitude>
    <longitude>-9.0489</longitude>
  </object>
  <object>
    <country_code>IE</country_code>
    <zipcode>N41</zipcode>
    <place>Carrick On Shannon</place>
    <state>Connacht</state>
    <state_code>C</state_code>
    <province></province>
    <province_code></province_code>
    <community></community>
    <community_code></community_code>
    <latitude>53.9469</latitude>
    <longitude>-8.09</longitude>
  </object>
  <object>
    <country_code>IE</country_code>
    <zipcode>A41</zipcode>
    <place>Ballyboughal</place>
    <state>Leinster</state>
    <state_code>L</state_code>
    <province></province>
    <province_code></province_code>
    <community></community>
    <community_code></community_code>
    <latitude>53.5195</latitude>
    <longitude>-6.2667</longitude>
  </object>
  <object>
    <country_code>IE</country_code>
    <zipcode>A42</zipcode>
    <place>Garristown</place>
    <state>Leinster</state>
    <state_code>L</state_code>
    <province></province>
    <province_code></province_code>
    <community></community>
    <community_code></community_code>
    <latitude>53.5661</latitude>
    <longitude>-6.3856</longitude>
  </object>
  <object>
    <country_code>IE</country_code>
    <zipcode>A45</zipcode>
    <place>Oldtown</place>
    <state>Leinster</state>
    <state_code>L</state_code>
    <province></province>
    <province_code></province_code>
    <community></community>
    <community_code></community_code>
    <latitude>53.5253</latitude>
    <longitude>-6.3156</longitude>
  </object>
  <object>
    <country_code>IE</country_code>
    <zipcode>A63</zipcode>
    <place>Greystones</place>
    <state>Leinster</state>
    <state_code>L</state_code>
    <province></province>
    <province_code></province_code>
    <community></community>
    <community_code></community_code>
    <latitude>53.1408</latitude>
    <longitude>-6.0631</longitude>
  </object>
  <object>
    <country_code>IE</country_code>
    <zipcode>A67</zipcode>
    <place>Wicklow</place>
    <state>Leinster</state>
    <state_code>L</state_code>
    <province></province>
    <province_code></province_code>
    <community></community>
    <community_code></community_code>
    <latitude>52.975</latitude>
    <longitude>-6.0494</longitude>
  </object>
  <object>
    <country_code>IE</country_code>
    <zipcode>A82</zipcode>
    <place>Kells</place>
    <state>Leinster</state>
    <state_code>L</state_code>
    <province></province>
    <province_code></province_code>
    <community></community>
    <community_code></community_code>
    <latitude>53.7264</latitude>
    <longitude>-6.8792</longitude>
  </object>
  <object>
    <country_code>IE</country_code>
    <zipcode>A83</zipcode>
    <place>Enfield</place>
    <state>Leinster</state>
    <state_code>L</state_code>
    <province></province>
    <province_code></province_code>
    <community></community>
    <community_code></community_code>
    <latitude>53.4142</latitude>
    <longitude>-6.8323</longitude>
  </object>
  <object>
    <country_code>IE</country_code>
    <zipcode>A84</zipcode>
    <place>Ashbourne</place>
    <state>Leinster</state>
    <state_code>L</state_code>
    <province></province>
    <province_code></province_code>
    <community></community>
    <community_code></community_code>
    <latitude>53.5116</latitude>
    <longitude>-6.3982</longitude>
  </object>
  <object>
    <country_code>IE</country_code>
    <zipcode>A85</zipcode>
    <place>Dunshaughlin</place>
    <state>Leinster</state>
    <state_code>L</state_code>
    <province></province>
    <province_code></province_code>
    <community></community>
    <community_code></community_code>
    <latitude>53.5125</latitude>
    <longitude>-6.54</longitude>
  </object>
  <object>
    <country_code>IE</country_code>
    <zipcode>A86</zipcode>
    <place>Dunboyne</place>
    <state>Leinster</state>
    <state_code>L</state_code>
    <province></province>
    <province_code></province_code>
    <community></community>
    <community_code></community_code>
    <latitude>53.4</latitude>
    <longitude>-6.4667</longitude>
  </object>
  <object>
    <country_code>IE</country_code>
    <zipcode>A91</zipcode>
    <place>Dundalk</place>
    <state>Leinster</state>
    <state_code>L</state_code>
    <province></province>
    <province_code></province_code>
    <community></community>
    <community_code></community_code>
    <latitude>54</latitude>
    <longitude>-6.4167</longitude>
  </object>
  <object>
    <country_code>IE</country_code>
    <zipcode>A92</zipcode>
    <place>Drogheda</place>
    <state>Leinster</state>
    <state_code>L</state_code>
    <province></province>
    <province_code></province_code>
    <community></community>
    <community_code></community_code>
    <latitude>53.7189</latitude>
    <longitude>-6.3478</longitude>
  </object>
  <object>
    <country_code>IE</country_code>
    <zipcode>A94</zipcode>
    <place>Blackrock</place>
    <state>Leinster</state>
    <state_code>L</state_code>
    <province></province>
    <province_code></province_code>
    <community></community>
    <community_code></community_code>
    <latitude>53.3015</latitude>
    <longitude>-6.1778</longitude>
  </object>
  <object>
    <country_code>IE</country_code>
    <zipcode>A96</zipcode>
    <place>Dun Laoghaire</place>
    <state>Leinster</state>
    <state_code>L</state_code>
    <province></province>
    <province_code></province_code>
    <community></community>
    <community_code></community_code>
    <latitude>53.294</latitude>
    <longitude>-6.1359</longitude>
  </object>
  <object>
    <country_code>IE</country_code>
    <zipcode>A98</zipcode>
    <place>Bray</place>
    <state>Leinster</state>
    <state_code>L</state_code>
    <province></province>
    <province_code></province_code>
    <community></community>
    <community_code></community_code>
    <latitude>53.2028</latitude>
    <longitude>-6.0983</longitude>
  </object>
  <object>
    <country_code>IE</country_code>
    <zipcode>C15</zipcode>
    <place>Trim</place>
    <state>Leinster</state>
    <state_code>L</state_code>
    <province></province>
    <province_code></province_code>
    <community></community>
    <community_code></community_code>
    <latitude>53.555</latitude>
    <longitude>-6.7917</longitude>
  </object>
  <object>
    <country_code>IE</country_code>
    <zipcode>D01</zipcode>
    <place>Dublin 1</place>
    <state>Leinster</state>
    <state_code>L</state_code>
    <province></province>
    <province_code></province_code>
    <community></community>
    <community_code></community_code>
    <latitude>53.354</latitude>
    <longitude>-6.2545</longitude>
  </object>
  <object>
    <country_code>IE</country_code>
    <zipcode>D02</zipcode>
    <place>Dublin 2</place>
    <state>Leinster</state>
    <state_code>L</state_code>
    <province></province>
    <province_code></province_code>
    <community></community>
    <community_code></community_code>
    <latitude>53.34</latitude>
    <longitude>-6.2543</longitude>
  </object>
  <object>
    <country_code>IE</country_code>
    <zipcode>D03</zipcode>
    <place>Dublin 3</place>
    <state>Leinster</state>
    <state_code>L</state_code>
    <province></province>
    <province_code></province_code>
    <community></community>
    <community_code></community_code>
    <latitude>53.3645</latitude>
    <longitude>-6.2378</longitude>
  </object>
  <object>
    <country_code>IE</country_code>
    <zipcode>D04</zipcode>
    <place>Dublin 4</place>
    <state>Leinster</state>
    <state_code>L</state_code>
    <province></province>
    <province_code></province_code>
    <community></community>
    <community_code></community_code>
    <latitude>53.3334</latitude>
    <longitude>-6.2335</longitude>
  </object>
  <object>
    <country_code>IE</country_code>
    <zipcode>D05</zipcode>
    <place>Dublin 5</place>
    <state>Leinster</state>
    <state_code>L</state_code>
    <province></province>
    <province_code></province_code>
    <community></community>
    <community_code></community_code>
    <latitude>53.3842</latitude>
    <longitude>-6.1921</longitude>
  </object>
  <object>
    <country_code>IE</country_code>
    <zipcode>D06</zipcode>
    <place>Dublin 6</place>
    <state>Leinster</state>
    <state_code>L</state_code>
    <province></province>
    <province_code></province_code>
    <community></community>
    <community_code></community_code>
    <latitude>53.3088</latitude>
    <longitude>-6.2631</longitude>
  </object>
  <object>
    <country_code>IE</country_code>
    <zipcode>D07</zipcode>
    <place>Dublin 7</place>
    <state>Leinster</state>
    <state_code>L</state_code>
    <province></province>
    <province_code></province_code>
    <community></community>
    <community_code></community_code>
    <latitude>53.3615</latitude>
    <longitude>-6.2918</longitude>
  </object>
  <object>
    <country_code>IE</country_code>
    <zipcode>D08</zipcode>
    <place>Dublin 8</place>
    <state>Leinster</state>
    <state_code>L</state_code>
    <province></province>
    <province_code></province_code>
    <community></community>
    <community_code></community_code>
    <latitude>53.3346</latitude>
    <longitude>-6.2733</longitude>
  </object>
  <object>
    <country_code>IE</country_code>
    <zipcode>D09</zipcode>
    <place>Dublin 9</place>
    <state>Leinster</state>
    <state_code>L</state_code>
    <province></province>
    <province_code></province_code>
    <community></community>
    <community_code></community_code>
    <latitude>53.3818</latitude>
    <longitude>-6.2465</longitude>
  </object>
  <object>
    <country_code>IE</country_code>
    <zipcode>D10</zipcode>
    <place>Dublin 10</place>
    <state>Leinster</state>
    <state_code>L</state_code>
    <province></province>
    <province_code></province_code>
    <community></community>
    <community_code></community_code>
    <latitude>53.3409</latitude>
    <longitude>-6.3545</longitude>
  </object>
  <object>
    <country_code>IE</country_code>
    <zipcode>D11</zipcode>
    <place>Dublin 11</place>
    <state>Leinster</state>
    <state_code>L</state_code>
    <province></province>
    <province_code></province_code>
    <community></community>
    <community_code></community_code>
    <latitude>53.3899</latitude>
    <longitude>-6.293</longitude>
  </object>
  <object>
    <country_code>IE</country_code>
    <zipcode>D12</zipcode>
    <place>Dublin 12</place>
    <state>Leinster</state>
    <state_code>L</state_code>
    <province></province>
    <province_code></province_code>
    <community></community>
    <community_code></community_code>
    <latitude>53.322</latitude>
    <longitude>-6.3165</longitude>
  </object>
  <object>
    <country_code>IE</country_code>
    <zipcode>D13</zipcode>
    <place>Dublin 13</place>
    <state>Leinster</state>
    <state_code>L</state_code>
    <province></province>
    <province_code></province_code>
    <community></community>
    <community_code></community_code>
    <latitude>53.3946</latitude>
    <longitude>-6.1495</longitude>
  </object>
  <object>
    <country_code>IE</country_code>
    <zipcode>D14</zipcode>
    <place>Dublin 14</place>
    <state>Leinster</state>
    <state_code>L</state_code>
    <province></province>
    <province_code></province_code>
    <community></community>
    <community_code></community_code>
    <latitude>53.296</latitude>
    <longitude>-6.2593</longitude>
  </object>
  <object>
    <country_code>IE</country_code>
    <zipcode>D15</zipcode>
    <place>Dublin 15</place>
    <state>Leinster</state>
    <state_code>L</state_code>
    <province></province>
    <province_code></province_code>
    <community></community>
    <community_code></community_code>
    <latitude>53.3832</latitude>
    <longitude>-6.4165</longitude>
  </object>
  <object>
    <country_code>IE</country_code>
    <zipcode>D16</zipcode>
    <place>Dublin 16</place>
    <state>Leinster</state>
    <state_code>L</state_code>
    <province></province>
    <province_code></province_code>
    <community></community>
    <community_code></community_code>
    <latitude>53.3419</latitude>
    <longitude>-6.279</longitude>
  </object>
  <object>
    <country_code>IE</country_code>
    <zipcode>D17</zipcode>
    <place>Dublin 17</place>
    <state>Leinster</state>
    <state_code>L</state_code>
    <province></province>
    <province_code></province_code>
    <community></community>
    <community_code></community_code>
    <latitude>53.4006</latitude>
    <longitude>-6.2058</longitude>
  </object>
  <object>
    <country_code>IE</country_code>
    <zipcode>D18</zipcode>
    <place>Dublin 18</place>
    <state>Leinster</state>
    <state_code>L</state_code>
    <province></province>
    <province_code></province_code>
    <community></community>
    <community_code></community_code>
    <latitude>53.2469</latitude>
    <longitude>-6.1774</longitude>
  </object>
  <object>
    <country_code>IE</country_code>
    <zipcode>D20</zipcode>
    <place>Dublin 20</place>
    <state>Leinster</state>
    <state_code>L</state_code>
    <province></province>
    <province_code></province_code>
    <community></community>
    <community_code></community_code>
    <latitude>53.3518</latitude>
    <longitude>-6.3693</longitude>
  </object>
  <object>
    <country_code>IE</country_code>
    <zipcode>D22</zipcode>
    <place>Dublin 22</place>
    <state>Leinster</state>
    <state_code>L</state_code>
    <province></province>
    <province_code></province_code>
    <community></community>
    <community_code></community_code>
    <latitude>53.3275</latitude>
    <longitude>-6.4006</longitude>
  </object>
  <object>
    <country_code>IE</country_code>
    <zipcode>D24</zipcode>
    <place>Dublin 24</place>
    <state>Leinster</state>
    <state_code>L</state_code>
    <province></province>
    <province_code></province_code>
    <community></community>
    <community_code></community_code>
    <latitude>53.2851</latitude>
    <longitude>-6.3713</longitude>
  </object>
  <object>
    <country_code>IE</country_code>
    <zipcode>D6W</zipcode>
    <place>Dublin 6W</place>
    <state>Leinster</state>
    <state_code>L</state_code>
    <province></province>
    <province_code></province_code>
    <community></community>
    <community_code></community_code>
    <latitude>53.3087</latitude>
    <longitude>-6.3012</longitude>
  </object>
  <object>
    <country_code>IE</country_code>
    <zipcode>K32</zipcode>
    <place>Balbriggan</place>
    <state>Leinster</state>
    <state_code>L</state_code>
    <province></province>
    <province_code></province_code>
    <community></community>
    <community_code></community_code>
    <latitude>53.6128</latitude>
    <longitude>-6.1819</longitude>
  </object>
  <object>
    <country_code>IE</country_code>
    <zipcode>K34</zipcode>
    <place>Skerries</place>
    <state>Leinster</state>
    <state_code>L</state_code>
    <province></province>
    <province_code></province_code>
    <community></community>
    <community_code></community_code>
    <latitude>53.5828</latitude>
    <longitude>-6.1083</longitude>
  </object>
  <object>
    <country_code>IE</country_code>
    <zipcode>K36</zipcode>
    <place>Malahide</place>
    <state>Leinster</state>
    <state_code>L</state_code>
    <province></province>
    <province_code></province_code>
    <community></community>
    <community_code></community_code>
    <latitude>53.4508</latitude>
    <longitude>-6.1544</longitude>
  </object>
  <object>
    <country_code>IE</country_code>
    <zipcode>K45</zipcode>
    <place>Lusk</place>
    <state>Leinster</state>
    <state_code>L</state_code>
    <province></province>
    <province_code></province_code>
    <community></community>
    <community_code></community_code>
    <latitude>53.5274</latitude>
    <longitude>-6.1642</longitude>
  </object>
  <object>
    <country_code>IE</country_code>
    <zipcode>K56</zipcode>
    <place>Rush</place>
    <state>Leinster</state>
    <state_code>L</state_code>
    <province></province>
    <province_code></province_code>
    <community></community>
    <community_code></community_code>
    <latitude>53.5242</latitude>
    <longitude>-6.105</longitude>
  </object>
  <object>
    <country_code>IE</country_code>
    <zipcode>K67</zipcode>
    <place>Swords</place>
    <state>Leinster</state>
    <state_code>L</state_code>
    <province></province>
    <province_code></province_code>
    <community></community>
    <community_code></community_code>
    <latitude>53.4597</latitude>
    <longitude>-6.2181</longitude>
  </object>
  <object>
    <country_code>IE</country_code>
    <zipcode>K78</zipcode>
    <place>Lucan</place>
    <state>Leinster</state>
    <state_code>L</state_code>
    <province></province>
    <province_code></province_code>
    <community></community>
    <community_code></community_code>
    <latitude>53.3574</latitude>
    <longitude>-6.4486</longitude>
  </object>
  <object>
    <country_code>IE</country_code>
    <zipcode>N37</zipcode>
    <place>Athlone</place>
    <state>Leinster</state>
    <state_code>L</state_code>
    <province></province>
    <province_code></province_code>
    <community></community>
    <community_code></community_code>
    <latitude>53.4228</latitude>
    <longitude>-7.9372</longitude>
  </object>
  <object>
    <country_code>IE</country_code>
    <zipcode>N39</zipcode>
    <place>Longford</place>
    <state>Leinster</state>
    <state_code>L</state_code>
    <province></province>
    <province_code></province_code>
    <community></community>
    <community_code></community_code>
    <latitude>53.7254</latitude>
    <longitude>-7.7982</longitude>
  </object>
  <object>
    <country_code>IE</country_code>
    <zipcode>N91</zipcode>
    <place>Mullingar</place>
    <state>Leinster</state>
    <state_code>L</state_code>
    <province></province>
    <province_code></province_code>
    <community></community>
    <community_code></community_code>
    <latitude>53.5333</latitude>
    <longitude>-7.35</longitude>
  </object>
  <object>
    <country_code>IE</country_code>
    <zipcode>P14</zipcode>
    <place>Crookstown</place>
    <state>Leinster</state>
    <state_code>L</state_code>
    <province></province>
    <province_code></province_code>
    <community></community>
    <community_code></community_code>
    <latitude>53.0153</latitude>
    <longitude>-6.8106</longitude>
  </object>
  <object>
    <country_code>IE</country_code>
    <zipcode>R14</zipcode>
    <place>Athy</place>
    <state>Leinster</state>
    <state_code>L</state_code>
    <province></province>
    <province_code></province_code>
    <community></community>
    <community_code></community_code>
    <latitude>52.9914</latitude>
    <longitude>-6.9803</longitude>
  </object>
  <object>
    <country_code>IE</country_code>
    <zipcode>R21</zipcode>
    <place>Bagenalstown</place>
    <state>Leinster</state>
    <state_code>L</state_code>
    <province></province>
    <province_code></province_code>
    <community></community>
    <community_code></community_code>
    <latitude>52.7003</latitude>
    <longitude>-6.9618</longitude>
  </object>
  <object>
    <country_code>IE</country_code>
    <zipcode>R32</zipcode>
    <place>Portlaoise</place>
    <state>Leinster</state>
    <state_code>L</state_code>
    <province></province>
    <province_code></province_code>
    <community></community>
    <community_code></community_code>
    <latitude>53.0344</latitude>
    <longitude>-7.2998</longitude>
  </object>
  <object>
    <country_code>IE</country_code>
    <zipcode>R35</zipcode>
    <place>Tullamore</place>
    <state>Leinster</state>
    <state_code>L</state_code>
    <province></province>
    <province_code></province_code>
    <community></community>
    <community_code></community_code>
    <latitude>53.2739</latitude>
    <longitude>-7.4889</longitude>
  </object>
  <object>
    <country_code>IE</country_code>
    <zipcode>R42</zipcode>
    <place>Birr</place>
    <state>Leinster</state>
    <state_code>L</state_code>
    <province></province>
    <province_code></province_code>
    <community></community>
    <community_code></community_code>
    <latitude>53.0914</latitude>
    <longitude>-7.9133</longitude>
  </object>
  <object>
    <country_code>IE</country_code>
    <zipcode>R45</zipcode>
    <place>Edenderry</place>
    <state>Leinster</state>
    <state_code>L</state_code>
    <province></province>
    <province_code></province_code>
    <community></community>
    <community_code></community_code>
    <latitude>53.3453</latitude>
    <longitude>-7.0497</longitude>
  </object>
  <object>
    <country_code>IE</country_code>
    <zipcode>R51</zipcode>
    <place>Kildare</place>
    <state>Leinster</state>
    <state_code>L</state_code>
    <province></province>
    <province_code></province_code>
    <community></community>
    <community_code></community_code>
    <latitude>53.1561</latitude>
    <longitude>-6.9144</longitude>
  </object>
  <object>
    <country_code>IE</country_code>
    <zipcode>R56</zipcode>
    <place>Curragh</place>
    <state>Leinster</state>
    <state_code>L</state_code>
    <province></province>
    <province_code></province_code>
    <community></community>
    <community_code></community_code>
    <latitude>53.1469</latitude>
    <longitude>-6.8304</longitude>
  </object>
  <object>
    <country_code>IE</country_code>
    <zipcode>R93</zipcode>
    <place>Carlow</place>
    <state>Leinster</state>
    <state_code>L</state_code>
    <province></province>
    <province_code></province_code>
    <community></community>
    <community_code></community_code>
    <latitude>52.8408</latitude>
    <longitude>-6.9261</longitude>
  </object>
  <object>
    <country_code>IE</country_code>
    <zipcode>R95</zipcode>
    <place>Kilkenny</place>
    <state>Leinster</state>
    <state_code>L</state_code>
    <province></province>
    <province_code></province_code>
    <community></community>
    <community_code></community_code>
    <latitude>52.6542</latitude>
    <longitude>-7.2522</longitude>
  </object>
  <object>
    <country_code>IE</country_code>
    <zipcode>W12</zipcode>
    <place>Newbridge</place>
    <state>Leinster</state>
    <state_code>L</state_code>
    <province></province>
    <province_code></province_code>
    <community></community>
    <community_code></community_code>
    <latitude>53.1819</latitude>
    <longitude>-6.7967</longitude>
  </object>
  <object>
    <country_code>IE</country_code>
    <zipcode>W23</zipcode>
    <place>Maynooth</place>
    <state>Leinster</state>
    <state_code>L</state_code>
    <province></province>
    <province_code></province_code>
    <community></community>
    <community_code></community_code>
    <latitude>53.385</latitude>
    <longitude>-6.5936</longitude>
  </object>
  <object>
    <country_code>IE</country_code>
    <zipcode>W34</zipcode>
    <place>Monasterevin</place>
    <state>Leinster</state>
    <state_code>L</state_code>
    <province></province>
    <province_code></province_code>
    <community></community>
    <community_code></community_code>
    <latitude>53.1406</latitude>
    <longitude>-7.0664</longitude>
  </object>
  <object>
    <country_code>IE</country_code>
    <zipcode>W91</zipcode>
    <place>Naas</place>
    <state>Leinster</state>
    <state_code>L</state_code>
    <province></province>
    <province_code></province_code>
    <community></community>
    <community_code></community_code>
    <latitude>53.2158</latitude>
    <longitude>-6.6669</longitude>
  </object>
  <object>
    <country_code>IE</country_code>
    <zipcode>Y14</zipcode>
    <place>Arklow</place>
    <state>Leinster</state>
    <state_code>L</state_code>
    <province></province>
    <province_code></province_code>
    <community></community>
    <community_code></community_code>
    <latitude>52.7931</latitude>
    <longitude>-6.1414</longitude>
  </object>
  <object>
    <country_code>IE</country_code>
    <zipcode>Y21</zipcode>
    <place>Enniscorthy</place>
    <state>Leinster</state>
    <state_code>L</state_code>
    <province></province>
    <province_code></province_code>
    <community></community>
    <community_code></community_code>
    <latitude>52.5008</latitude>
    <longitude>-6.5578</longitude>
  </object>
  <object>
    <country_code>IE</country_code>
    <zipcode>Y25</zipcode>
    <place>Gorey</place>
    <state>Leinster</state>
    <state_code>L</state_code>
    <province></province>
    <province_code></province_code>
    <community></community>
    <community_code></community_code>
    <latitude>52.6747</latitude>
    <longitude>-6.2925</longitude>
  </object>
  <object>
    <country_code>IE</country_code>
    <zipcode>Y34</zipcode>
    <place>New Ross</place>
    <state>Leinster</state>
    <state_code>L</state_code>
    <province></province>
    <province_code></province_code>
    <community></community>
    <community_code></community_code>
    <latitude>52.3967</latitude>
    <longitude>-6.9367</longitude>
  </object>
  <object>
    <country_code>IE</country_code>
    <zipcode>Y35</zipcode>
    <place>Wexford</place>
    <state>Leinster</state>
    <state_code>L</state_code>
    <province></province>
    <province_code></province_code>
    <community></community>
    <community_code></community_code>
    <latitude>52.3342</latitude>
    <longitude>-6.4575</longitude>
  </object>
  <object>
    <country_code>IE</country_code>
    <zipcode>E21</zipcode>
    <place>Cahir</place>
    <state>Munster</state>
    <state_code>M</state_code>
    <province></province>
    <province_code></province_code>
    <community></community>
    <community_code></community_code>
    <latitude>52.3769</latitude>
    <longitude>-7.9217</longitude>
  </object>
  <object>
    <country_code>IE</country_code>
    <zipcode>E25</zipcode>
    <place>Cashel</place>
    <state>Munster</state>
    <state_code>M</state_code>
    <province></province>
    <province_code></province_code>
    <community></community>
    <community_code></community_code>
    <latitude>52.5158</latitude>
    <longitude>-7.8856</longitude>
  </object>
  <object>
    <country_code>IE</country_code>
    <zipcode>E32</zipcode>
    <place>Carrick on Suir</place>
    <state>Munster</state>
    <state_code>M</state_code>
    <province></province>
    <province_code></province_code>
    <community></community>
    <community_code></community_code>
    <latitude>52.3492</latitude>
    <longitude>-7.4131</longitude>
  </object>
  <object>
    <country_code>IE</country_code>
    <zipcode>E34</zipcode>
    <place>Tipperary</place>
    <state>Munster</state>
    <state_code>M</state_code>
    <province></province>
    <province_code></province_code>
    <community></community>
    <community_code></community_code>
    <latitude>52.4733</latitude>
    <longitude>-8.1558</longitude>
  </object>
  <object>
    <country_code>IE</country_code>
    <zipcode>E41</zipcode>
    <place>Thurles</place>
    <state>Munster</state>
    <state_code>M</state_code>
    <province></province>
    <province_code></province_code>
    <community></community>
    <community_code></community_code>
    <latitude>52.6819</latitude>
    <longitude>-7.8022</longitude>
  </object>
  <object>
    <country_code>IE</country_code>
    <zipcode>E45</zipcode>
    <place>Nenagh</place>
    <state>Munster</state>
    <state_code>M</state_code>
    <province></province>
    <province_code></province_code>
    <community></community>
    <community_code></community_code>
    <latitude>52.8619</latitude>
    <longitude>-8.1967</longitude>
  </object>
  <object>
    <country_code>IE</country_code>
    <zipcode>E53</zipcode>
    <place>Roscrea</place>
    <state>Munster</state>
    <state_code>M</state_code>
    <province></province>
    <province_code></province_code>
    <community></community>
    <community_code></community_code>
    <latitude>52.9511</latitude>
    <longitude>-7.8017</longitude>
  </object>
  <object>
    <country_code>IE</country_code>
    <zipcode>E91</zipcode>
    <place>Clonmel</place>
    <state>Munster</state>
    <state_code>M</state_code>
    <province></province>
    <province_code></province_code>
    <community></community>
    <community_code></community_code>
    <latitude>52.355</latitude>
    <longitude>-7.7039</longitude>
  </object>
  <object>
    <country_code>IE</country_code>
    <zipcode>P12</zipcode>
    <place>Macroom</place>
    <state>Munster</state>
    <state_code>M</state_code>
    <province></province>
    <province_code></province_code>
    <community></community>
    <community_code></community_code>
    <latitude>51.9</latitude>
    <longitude>-8.95</longitude>
  </object>
  <object>
    <country_code>IE</country_code>
    <zipcode>P17</zipcode>
    <place>Kinsale</place>
    <state>Munster</state>
    <state_code>M</state_code>
    <province></province>
    <province_code></province_code>
    <community></community>
    <community_code></community_code>
    <latitude>51.7075</latitude>
    <longitude>-8.5306</longitude>
  </object>
  <object>
    <country_code>IE</country_code>
    <zipcode>P24</zipcode>
    <place>Cobh</place>
    <state>Munster</state>
    <state_code>M</state_code>
    <province></province>
    <province_code></province_code>
    <community></community>
    <community_code></community_code>
    <latitude>51.8572</latitude>
    <longitude>-8.2992</longitude>
  </object>
  <object>
    <country_code>IE</country_code>
    <zipcode>P25</zipcode>
    <place>Midleton</place>
    <state>Munster</state>
    <state_code>M</state_code>
    <province></province>
    <province_code></province_code>
    <community></community>
    <community_code></community_code>
    <latitude>51.9153</latitude>
    <longitude>-8.1805</longitude>
  </object>
  <object>
    <country_code>IE</country_code>
    <zipcode>P31</zipcode>
    <place>Ballincollig</place>
    <state>Munster</state>
    <state_code>M</state_code>
    <province></province>
    <province_code></province_code>
    <community></community>
    <community_code></community_code>
    <latitude>51.8833</latitude>
    <longitude>-8.5833</longitude>
  </object>
  <object>
    <country_code>IE</country_code>
    <zipcode>P32</zipcode>
    <place>Rylane</place>
    <state>Munster</state>
    <state_code>M</state_code>
    <province></province>
    <province_code></province_code>
    <community></community>
    <community_code></community_code>
    <latitude>51.9833</latitude>
    <longitude>-8.8333</longitude>
  </object>
  <object>
    <country_code>IE</country_code>
    <zipcode>P36</zipcode>
    <place>Youghal</place>
    <state>Munster</state>
    <state_code>M</state_code>
    <province></province>
    <province_code></province_code>
    <community></community>
    <community_code></community_code>
    <latitude>51.95</latitude>
    <longitude>-7.8506</longitude>
  </object>
  <object>
    <country_code>IE</country_code>
    <zipcode>P43</zipcode>
    <place>Carrigaline</place>
    <state>Munster</state>
    <state_code>M</state_code>
    <province></province>
    <province_code></province_code>
    <community></community>
    <community_code></community_code>
    <latitude>51.8117</latitude>
    <longitude>-8.3986</longitude>
  </object>
  <object>
    <country_code>IE</country_code>
    <zipcode>P47</zipcode>
    <place>Dunmanway</place>
    <state>Munster</state>
    <state_code>M</state_code>
    <province></province>
    <province_code></province_code>
    <community></community>
    <community_code></community_code>
    <latitude>51.7167</latitude>
    <longitude>-9.1167</longitude>
  </object>
  <object>
    <country_code>IE</country_code>
    <zipcode>P51</zipcode>
    <place>Mallow</place>
    <state>Munster</state>
    <state_code>M</state_code>
    <province></province>
    <province_code></province_code>
    <community></community>
    <community_code></community_code>
    <latitude>52.1333</latitude>
    <longitude>-8.6333</longitude>
  </object>
  <object>
    <country_code>IE</country_code>
    <zipcode>P56</zipcode>
    <place>Charleville</place>
    <state>Munster</state>
    <state_code>M</state_code>
    <province></province>
    <province_code></province_code>
    <community></community>
    <community_code></community_code>
    <latitude>52.35</latitude>
    <longitude>-8.6833</longitude>
  </object>
  <object>
    <country_code>IE</country_code>
    <zipcode>P61</zipcode>
    <place>Fermoy</place>
    <state>Munster</state>
    <state_code>M</state_code>
    <province></province>
    <province_code></province_code>
    <community></community>
    <community_code></community_code>
    <latitude>52.1358</latitude>
    <longitude>-8.2758</longitude>
  </object>
  <object>
    <country_code>IE</country_code>
    <zipcode>P67</zipcode>
    <place>Mitchelstown</place>
    <state>Munster</state>
    <state_code>M</state_code>
    <province></province>
    <province_code></province_code>
    <community></community>
    <community_code></community_code>
    <latitude>52.2658</latitude>
    <longitude>-8.2681</longitude>
  </object>
  <object>
    <country_code>IE</country_code>
    <zipcode>P72</zipcode>
    <place>Bandon</place>
    <state>Munster</state>
    <state_code>M</state_code>
    <province></province>
    <province_code></province_code>
    <community></community>
    <community_code></community_code>
    <latitude>51.7469</latitude>
    <longitude>-8.7425</longitude>
  </object>
  <object>
    <country_code>IE</country_code>
    <zipcode>P75</zipcode>
    <place>Bantry</place>
    <state>Munster</state>
    <state_code>M</state_code>
    <province></province>
    <province_code></province_code>
    <community></community>
    <community_code></community_code>
    <latitude>51.6833</latitude>
    <longitude>-9.45</longitude>
  </object>
  <object>
    <country_code>IE</country_code>
    <zipcode>P81</zipcode>
    <place>Skibbereen</place>
    <state>Munster</state>
    <state_code>M</state_code>
    <province></province>
    <province_code></province_code>
    <community></community>
    <community_code></community_code>
    <latitude>51.55</latitude>
    <longitude>-9.2667</longitude>
  </object>
  <object>
    <country_code>IE</country_code>
    <zipcode>P85</zipcode>
    <place>Clonakilty</place>
    <state>Munster</state>
    <state_code>M</state_code>
    <province></province>
    <province_code></province_code>
    <community></community>
    <community_code></community_code>
    <latitude>51.6231</latitude>
    <longitude>-8.8706</longitude>
  </object>
  <object>
    <country_code>IE</country_code>
    <zipcode>T12</zipcode>
    <place>Cork city southside</place>
    <state>Munster</state>
    <state_code>M</state_code>
    <province></province>
    <province_code></province_code>
    <community></community>
    <community_code></community_code>
    <latitude>51.8728</latitude>
    <longitude>-8.4902</longitude>
  </object>
  <object>
    <country_code>IE</country_code>
    <zipcode>T23</zipcode>
    <place>Cork city northside</place>
    <state>Munster</state>
    <state_code>M</state_code>
    <province></province>
    <province_code></province_code>
    <community></community>
    <community_code></community_code>
    <latitude>51.8972</latitude>
    <longitude>-8.4702</longitude>
  </object>
  <object>
    <country_code>IE</country_code>
    <zipcode>T34</zipcode>
    <place>Carrignavar</place>
    <state>Munster</state>
    <state_code>M</state_code>
    <province></province>
    <province_code></province_code>
    <community></community>
    <community_code></community_code>
    <latitude>51.9886</latitude>
    <longitude>-8.4797</longitude>
  </object>
  <object>
    <country_code>IE</country_code>
    <zipcode>T45</zipcode>
    <place>Glanmire</place>
    <state>Munster</state>
    <state_code>M</state_code>
    <province></province>
    <province_code></province_code>
    <community></community>
    <community_code></community_code>
    <latitude>51.9158</latitude>
    <longitude>-8.3997</longitude>
  </object>
  <object>
    <country_code>IE</country_code>
    <zipcode>T56</zipcode>
    <place>Watergrasshill</place>
    <state>Munster</state>
    <state_code>M</state_code>
    <province></province>
    <province_code></province_code>
    <community></community>
    <community_code></community_code>
    <latitude>52.0114</latitude>
    <longitude>-8.3442</longitude>
  </object>
  <object>
    <country_code>IE</country_code>
    <zipcode>V14</zipcode>
    <place>Shannon</place>
    <state>Munster</state>
    <state_code>M</state_code>
    <province></province>
    <province_code></province_code>
    <community></community>
    <community_code></community_code>
    <latitude>52.7039</latitude>
    <longitude>-8.8642</longitude>
  </object>
  <object>
    <country_code>IE</country_code>
    <zipcode>V15</zipcode>
    <place>Kilrush</place>
    <state>Munster</state>
    <state_code>M</state_code>
    <province></province>
    <province_code></province_code>
    <community></community>
    <community_code></community_code>
    <latitude>52.6397</latitude>
    <longitude>-9.4833</longitude>
  </object>
  <object>
    <country_code>IE</country_code>
    <zipcode>V23</zipcode>
    <place>Caherciveen</place>
    <state>Munster</state>
    <state_code>M</state_code>
    <province></province>
    <province_code></province_code>
    <community></community>
    <community_code></community_code>
    <latitude>51.9486</latitude>
    <longitude>-10.2222</longitude>
  </object>
  <object>
    <country_code>IE</country_code>
    <zipcode>V31</zipcode>
    <place>Listowel</place>
    <state>Munster</state>
    <state_code>M</state_code>
    <province></province>
    <province_code></province_code>
    <community></community>
    <community_code></community_code>
    <latitude>52.4464</latitude>
    <longitude>-9.485</longitude>
  </object>
  <object>
    <country_code>IE</country_code>
    <zipcode>V35</zipcode>
    <place>Kilmallock</place>
    <state>Munster</state>
    <state_code>M</state_code>
    <province></province>
    <province_code></province_code>
    <community></community>
    <community_code></community_code>
    <latitude>52.4</latitude>
    <longitude>-8.5772</longitude>
  </object>
  <object>
    <country_code>IE</country_code>
    <zipcode>V42</zipcode>
    <place>Newcastle West</place>
    <state>Munster</state>
    <state_code>M</state_code>
    <province></province>
    <province_code></province_code>
    <community></community>
    <community_code></community_code>
    <latitude>52.4492</latitude>
    <longitude>-9.0611</longitude>
  </object>
  <object>
    <country_code>IE</country_code>
    <zipcode>V92</zipcode>
    <place>Tralee</place>
    <state>Munster</state>
    <state_code>M</state_code>
    <province></province>
    <province_code></province_code>
    <community></community>
    <community_code></community_code>
    <latitude>52.2704</latitude>
    <longitude>-9.7026</longitude>
  </object>
  <object>
    <country_code>IE</country_code>
    <zipcode>V93</zipcode>
    <place>Kenmare</place>
    <state>Munster</state>
    <state_code>M</state_code>
    <province></province>
    <province_code></province_code>
    <community></community>
    <community_code></community_code>
    <latitude>51.8833</latitude>
    <longitude>-9.5833</longitude>
  </object>
  <object>
    <country_code>IE</country_code>
    <zipcode>V94</zipcode>
    <place>Limerick</place>
    <state>Munster</state>
    <state_code>M</state_code>
    <province></province>
    <province_code></province_code>
    <community></community>
    <community_code></community_code>
    <latitude>52.6647</latitude>
    <longitude>-8.6231</longitude>
  </object>
  <object>
    <country_code>IE</country_code>
    <zipcode>V95</zipcode>
    <place>Miltown Malbay</place>
    <state>Munster</state>
    <state_code>M</state_code>
    <province></province>
    <province_code></province_code>
    <community></community>
    <community_code></community_code>
    <latitude>52.8553</latitude>
    <longitude>-9.3983</longitude>
  </object>
  <object>
    <country_code>IE</country_code>
    <zipcode>X35</zipcode>
    <place>Dungarvan</place>
    <state>Munster</state>
    <state_code>M</state_code>
    <province></province>
    <province_code></province_code>
    <community></community>
    <community_code></community_code>
    <latitude>52.0881</latitude>
    <longitude>-7.6253</longitude>
  </object>
  <object>
    <country_code>IE</country_code>
    <zipcode>X42</zipcode>
    <place>Kilmacthomas</place>
    <state>Munster</state>
    <state_code>M</state_code>
    <province></province>
    <province_code></province_code>
    <community></community>
    <community_code></community_code>
    <latitude>52.2097</latitude>
    <longitude>-7.4258</longitude>
  </object>
  <object>
    <country_code>IE</country_code>
    <zipcode>X91</zipcode>
    <place>Waterford</place>
    <state>Munster</state>
    <state_code>M</state_code>
    <province></province>
    <province_code></province_code>
    <community></community>
    <community_code></community_code>
    <latitude>52.2583</latitude>
    <longitude>-7.1119</longitude>
  </object>
  <object>
    <country_code>IE</country_code>
    <zipcode>A75</zipcode>
    <place>Castleblayney</place>
    <state>Ulster</state>
    <state_code>U</state_code>
    <province></province>
    <province_code></province_code>
    <community></community>
    <community_code></community_code>
    <latitude>54.1167</latitude>
    <longitude>-6.7333</longitude>
  </object>
  <object>
    <country_code>IE</country_code>
    <zipcode>A81</zipcode>
    <place>Carrickmacross</place>
    <state>Ulster</state>
    <state_code>U</state_code>
    <province></province>
    <province_code></province_code>
    <community></community>
    <community_code></community_code>
    <latitude>53.9728</latitude>
    <longitude>-6.7189</longitude>
  </object>
  <object>
    <country_code>IE</country_code>
    <zipcode>F92</zipcode>
    <place>Letterkenny</place>
    <state>Ulster</state>
    <state_code>U</state_code>
    <province></province>
    <province_code></province_code>
    <community></community>
    <community_code></community_code>
    <latitude>54.95</latitude>
    <longitude>-7.7333</longitude>
  </object>
  <object>
    <country_code>IE</country_code>
    <zipcode>F93</zipcode>
    <place>Lifford</place>
    <state>Ulster</state>
    <state_code>U</state_code>
    <province></province>
    <province_code></province_code>
    <community></community>
    <community_code></community_code>
    <latitude>54.8319</latitude>
    <longitude>-7.4836</longitude>
  </object>
  <object>
    <country_code>IE</country_code>
    <zipcode>F94</zipcode>
    <place>Bundoran</place>
    <state>Ulster</state>
    <state_code>U</state_code>
    <province></province>
    <province_code></province_code>
    <community></community>
    <community_code></community_code>
    <latitude>54.4778</latitude>
    <longitude>-8.2809</longitude>
  </object>
  <object>
    <country_code>IE</country_code>
    <zipcode>H12</zipcode>
    <place>Cavan</place>
    <state>Ulster</state>
    <state_code>U</state_code>
    <province></province>
    <province_code></province_code>
    <community></community>
    <community_code></community_code>
    <latitude>53.9908</latitude>
    <longitude>-7.3606</longitude>
  </object>
  <object>
    <country_code>IE</country_code>
    <zipcode>H14</zipcode>
    <place>Belturbet</place>
    <state>Ulster</state>
    <state_code>U</state_code>
    <province></province>
    <province_code></province_code>
    <community></community>
    <community_code></community_code>
    <latitude>54.1</latitude>
    <longitude>-7.45</longitude>
  </object>
  <object>
    <country_code>IE</country_code>
    <zipcode>H16</zipcode>
    <place>Cootehill</place>
    <state>Ulster</state>
    <state_code>U</state_code>
    <province></province>
    <province_code></province_code>
    <community></community>
    <community_code></community_code>
    <latitude>54.0725</latitude>
    <longitude>-7.0819</longitude>
  </object>
  <object>
    <country_code>IE</country_code>
    <zipcode>H18</zipcode>
    <place>Monaghan</place>
    <state>Ulster</state>
    <state_code>U</state_code>
    <province></province>
    <province_code></province_code>
    <community></community>
    <community_code></community_code>
    <latitude>54.25</latitude>
    <longitude>-6.9667</longitude>
  </object>
  <object>
    <country_code>IE</country_code>
    <zipcode>H23</zipcode>
    <place>Clones</place>
    <state>Ulster</state>
    <state_code>U</state_code>
    <province></province>
    <province_code></province_code>
    <community></community>
    <community_code></community_code>
    <latitude>54.1833</latitude>
    <longitude>-7.2333</longitude>
  </object>
</zipcodes>
<to_s/>
