<?xml version="1.0" encoding="UTF-8"?>
<zipcodes>
  <object>
    <country_code>FM</country_code>
    <zipcode>96944</zipcode>
    <place>Kosrae</place>
    <state>State of Kosrae</state>
    <state_code>01</state_code>
    <province></province>
    <province_code></province_code>
    <community></community>
    <community_code></community_code>
    <latitude>7.1383</latitude>
    <longitude>151.5031</longitude>
  </object>
  <object>
    <country_code>FM</country_code>
    <zipcode>96941</zipcode>
    <place>Pohnpei</place>
    <state>State of Pohnpei</state>
    <state_code>02</state_code>
    <province></province>
    <province_code></province_code>
    <community></community>
    <community_code></community_code>
    <latitude>7.1383</latitude>
    <longitude>151.5031</longitude>
  </object>
  <object>
    <country_code>FM</country_code>
    <zipcode>96942</zipcode>
    <place>Chuuk</place>
    <state>State of Chuuk</state>
    <state_code>03</state_code>
    <province></province>
    <province_code></province_code>
    <community></community>
    <community_code></community_code>
    <latitude>7.1383</latitude>
    <longitude>151.5031</longitude>
  </object>
  <object>
    <country_code>FM</country_code>
    <zipcode>96943</zipcode>
    <place>Yap</place>
    <state>State of Yap</state>
    <state_code>04</state_code>
    <province></province>
    <province_code></province_code>
    <community></community>
    <community_code></community_code>
    <latitude>7.1383</latitude>
    <longitude>151.5031</longitude>
  </object>
</zipcodes>
<to_s/>
