<?xml version="1.0" encoding="UTF-8"?>
<zipcodes>
  <object>
    <country_code>RE</country_code>
    <zipcode>97491 CEDEX</zipcode>
    <place>Sainte-Clotilde</place>
    <state>Reunion (general)</state>
    <state_code>00</state_code>
    <province></province>
    <province_code></province_code>
    <community></community>
    <community_code></community_code>
    <latitude>-20.8916</latitude>
    <longitude>55.4787</longitude>
  </object>
  <object>
    <country_code>RE</country_code>
    <zipcode>97492 CEDEX</zipcode>
    <place>Sainte-Clotilde</place>
    <state>Reunion (general)</state>
    <state_code>00</state_code>
    <province></province>
    <province_code></province_code>
    <community></community>
    <community_code></community_code>
    <latitude>-20.8916</latitude>
    <longitude>55.4787</longitude>
  </object>
  <object>
    <country_code>RE</country_code>
    <zipcode>97493 CEDEX</zipcode>
    <place>Sainte-Clotilde</place>
    <state>Reunion (general)</state>
    <state_code>00</state_code>
    <province></province>
    <province_code></province_code>
    <community></community>
    <community_code></community_code>
    <latitude>-20.8916</latitude>
    <longitude>55.4787</longitude>
  </object>
  <object>
    <country_code>RE</country_code>
    <zipcode>97494 CEDEX</zipcode>
    <place>Sainte-Clotilde</place>
    <state>Reunion (general)</state>
    <state_code>00</state_code>
    <province></province>
    <province_code></province_code>
    <community></community>
    <community_code></community_code>
    <latitude>-20.8916</latitude>
    <longitude>55.4787</longitude>
  </object>
  <object>
    <country_code>RE</country_code>
    <zipcode>97495 CEDEX</zipcode>
    <place>Sainte-Clotilde</place>
    <state>Reunion (general)</state>
    <state_code>00</state_code>
    <province></province>
    <province_code></province_code>
    <community></community>
    <community_code></community_code>
    <latitude>-20.8916</latitude>
    <longitude>55.4787</longitude>
  </object>
  <object>
    <country_code>RE</country_code>
    <zipcode>97496 CEDEX</zipcode>
    <place>Sainte-Clotilde</place>
    <state>Reunion (general)</state>
    <state_code>00</state_code>
    <province></province>
    <province_code></province_code>
    <community></community>
    <community_code></community_code>
    <latitude>-20.8916</latitude>
    <longitude>55.4787</longitude>
  </object>
  <object>
    <country_code>RE</country_code>
    <zipcode>97497 CEDEX</zipcode>
    <place>Sainte-Clotilde</place>
    <state>Reunion (general)</state>
    <state_code>00</state_code>
    <province></province>
    <province_code></province_code>
    <community></community>
    <community_code></community_code>
    <latitude>-20.8916</latitude>
    <longitude>55.4787</longitude>
  </object>
  <object>
    <country_code>RE</country_code>
    <zipcode>97400</zipcode>
    <place>Saint-Denis</place>
    <state>Réunion</state>
    <state_code>RE</state_code>
    <province>Réunion</province>
    <province_code>974</province_code>
    <community>Arrondissement de Saint-Denis</community>
    <community_code>9741</community_code>
    <latitude>-20.8823</latitude>
    <longitude>55.4504</longitude>
  </object>
  <object>
    <country_code>RE</country_code>
    <zipcode>97401 CEDEX</zipcode>
    <place>Saint-Denis</place>
    <state>Réunion</state>
    <state_code>RE</state_code>
    <province>Réunion</province>
    <province_code>974</province_code>
    <community>Arrondissement de Saint-Denis</community>
    <community_code>9741</community_code>
    <latitude>-20.8823</latitude>
    <longitude>55.4504</longitude>
  </object>
  <object>
    <country_code>RE</country_code>
    <zipcode>97402 CEDEX</zipcode>
    <place>Saint-Denis</place>
    <state>Réunion</state>
    <state_code>RE</state_code>
    <province>Réunion</province>
    <province_code>974</province_code>
    <community>Arrondissement de Saint-Denis</community>
    <community_code>9741</community_code>
    <latitude>-20.8823</latitude>
    <longitude>55.4504</longitude>
  </object>
  <object>
    <country_code>RE</country_code>
    <zipcode>97403 CEDEX</zipcode>
    <place>Saint-Denis</place>
    <state>Réunion</state>
    <state_code>RE</state_code>
    <province>Réunion</province>
    <province_code>974</province_code>
    <community>Arrondissement de Saint-Denis</community>
    <community_code>9741</community_code>
    <latitude>-20.8823</latitude>
    <longitude>55.4504</longitude>
  </object>
  <object>
    <country_code>RE</country_code>
    <zipcode>97404 CEDEX</zipcode>
    <place>Saint-Denis</place>
    <state>Réunion</state>
    <state_code>RE</state_code>
    <province>Réunion</province>
    <province_code>974</province_code>
    <community>Arrondissement de Saint-Denis</community>
    <community_code>9741</community_code>
    <latitude>-20.8823</latitude>
    <longitude>55.4504</longitude>
  </object>
  <object>
    <country_code>RE</country_code>
    <zipcode>97405 CEDEX</zipcode>
    <place>Saint-Denis</place>
    <state>Réunion</state>
    <state_code>RE</state_code>
    <province>Réunion</province>
    <province_code>974</province_code>
    <community>Arrondissement de Saint-Denis</community>
    <community_code>9741</community_code>
    <latitude>-20.8823</latitude>
    <longitude>55.4504</longitude>
  </object>
  <object>
    <country_code>RE</country_code>
    <zipcode>97406 CEDEX 9</zipcode>
    <place>Saint-Denis</place>
    <state>Réunion</state>
    <state_code>RE</state_code>
    <province>Réunion</province>
    <province_code>974</province_code>
    <community>Arrondissement de Saint-Denis</community>
    <community_code>9741</community_code>
    <latitude>-20.8823</latitude>
    <longitude>55.4504</longitude>
  </object>
  <object>
    <country_code>RE</country_code>
    <zipcode>97408 CEDEX 9</zipcode>
    <place>Saint-Denis</place>
    <state>Réunion</state>
    <state_code>RE</state_code>
    <province>Réunion</province>
    <province_code>974</province_code>
    <community>Arrondissement de Saint-Denis</community>
    <community_code>9741</community_code>
    <latitude>-20.8823</latitude>
    <longitude>55.4504</longitude>
  </object>
  <object>
    <country_code>RE</country_code>
    <zipcode>97409 CEDEX 9</zipcode>
    <place>Saint-Denis</place>
    <state>Réunion</state>
    <state_code>RE</state_code>
    <province>Réunion</province>
    <province_code>974</province_code>
    <community>Arrondissement de Saint-Denis</community>
    <community_code>9741</community_code>
    <latitude>-20.8823</latitude>
    <longitude>55.4504</longitude>
  </object>
  <object>
    <country_code>RE</country_code>
    <zipcode>97410</zipcode>
    <place>Saint-Pierre</place>
    <state>Réunion</state>
    <state_code>RE</state_code>
    <province>Réunion</province>
    <province_code>974</province_code>
    <community>Arrondissement de Saint-Pierre</community>
    <community_code>9742</community_code>
    <latitude>-21.3393</latitude>
    <longitude>55.4781</longitude>
  </object>
  <object>
    <country_code>RE</country_code>
    <zipcode>97411</zipcode>
    <place>Saint-Paul</place>
    <state>Réunion</state>
    <state_code>RE</state_code>
    <province>Réunion</province>
    <province_code>974</province_code>
    <community>Arrondissement de Saint-Paul</community>
    <community_code>9744</community_code>
    <latitude>-21.0096</latitude>
    <longitude>55.2707</longitude>
  </object>
  <object>
    <country_code>RE</country_code>
    <zipcode>97412</zipcode>
    <place>Bras-Panon</place>
    <state>Réunion</state>
    <state_code>RE</state_code>
    <province>Réunion</province>
    <province_code>974</province_code>
    <community>Arrondissement de Saint-Benoît</community>
    <community_code>9743</community_code>
    <latitude>-20.9967</latitude>
    <longitude>55.6782</longitude>
  </object>
  <object>
    <country_code>RE</country_code>
    <zipcode>97413</zipcode>
    <place>Cilaos</place>
    <state>Réunion</state>
    <state_code>RE</state_code>
    <province>Réunion</province>
    <province_code>974</province_code>
    <community>Arrondissement de Saint-Pierre</community>
    <community_code>9742</community_code>
    <latitude>-21.1336</latitude>
    <longitude>55.4719</longitude>
  </object>
  <object>
    <country_code>RE</country_code>
    <zipcode>97414</zipcode>
    <place>L'Entre-Deux</place>
    <state>Réunion</state>
    <state_code>RE</state_code>
    <province>Réunion</province>
    <province_code>974</province_code>
    <community>Arrondissement de Saint-Pierre</community>
    <community_code>9742</community_code>
    <latitude>-21.2333</latitude>
    <longitude>55.4667</longitude>
  </object>
  <object>
    <country_code>RE</country_code>
    <zipcode>97416</zipcode>
    <place>Saint-Leu</place>
    <state>Réunion</state>
    <state_code>RE</state_code>
    <province>Réunion</province>
    <province_code>974</province_code>
    <community>Arrondissement de Saint-Paul</community>
    <community_code>9744</community_code>
    <latitude>-21.1706</latitude>
    <longitude>55.2882</longitude>
  </object>
  <object>
    <country_code>RE</country_code>
    <zipcode>97417</zipcode>
    <place>Saint-Denis</place>
    <state>Réunion</state>
    <state_code>RE</state_code>
    <province>Réunion</province>
    <province_code>974</province_code>
    <community>Arrondissement de Saint-Denis</community>
    <community_code>9741</community_code>
    <latitude>-20.8823</latitude>
    <longitude>55.4504</longitude>
  </object>
  <object>
    <country_code>RE</country_code>
    <zipcode>97418</zipcode>
    <place>Le Tampon</place>
    <state>Réunion</state>
    <state_code>RE</state_code>
    <province>Réunion</province>
    <province_code>974</province_code>
    <community>Arrondissement de Saint-Pierre</community>
    <community_code>9742</community_code>
    <latitude>-21.2831</latitude>
    <longitude>55.518</longitude>
  </object>
  <object>
    <country_code>RE</country_code>
    <zipcode>97419</zipcode>
    <place>La Possession</place>
    <state>Réunion</state>
    <state_code>RE</state_code>
    <province>Réunion</province>
    <province_code>974</province_code>
    <community>Arrondissement de Saint-Paul</community>
    <community_code>9744</community_code>
    <latitude>-20.9289</latitude>
    <longitude>55.3351</longitude>
  </object>
  <object>
    <country_code>RE</country_code>
    <zipcode>97420</zipcode>
    <place>Le Port</place>
    <state>Réunion</state>
    <state_code>RE</state_code>
    <province>Réunion</province>
    <province_code>974</province_code>
    <community>Arrondissement de Saint-Paul</community>
    <community_code>9744</community_code>
    <latitude>-20.9373</latitude>
    <longitude>55.2919</longitude>
  </object>
  <object>
    <country_code>RE</country_code>
    <zipcode>97421</zipcode>
    <place>La Rivière</place>
    <state>Réunion</state>
    <state_code>RE</state_code>
    <province>Réunion</province>
    <province_code>974</province_code>
    <community>Arrondissement de Saint-Pierre</community>
    <community_code>9742</community_code>
    <latitude>-21.2595</latitude>
    <longitude>55.4405</longitude>
  </object>
  <object>
    <country_code>RE</country_code>
    <zipcode>97421</zipcode>
    <place>Saint-Louis</place>
    <state>Réunion</state>
    <state_code>RE</state_code>
    <province>Réunion</province>
    <province_code>974</province_code>
    <community>Arrondissement de Saint-Pierre</community>
    <community_code>9742</community_code>
    <latitude>-21.2858</latitude>
    <longitude>55.4112</longitude>
  </object>
  <object>
    <country_code>RE</country_code>
    <zipcode>97422</zipcode>
    <place>Saint-Paul</place>
    <state>Réunion</state>
    <state_code>RE</state_code>
    <province>Réunion</province>
    <province_code>974</province_code>
    <community>Arrondissement de Saint-Paul</community>
    <community_code>9744</community_code>
    <latitude>-21.0096</latitude>
    <longitude>55.2707</longitude>
  </object>
  <object>
    <country_code>RE</country_code>
    <zipcode>97423</zipcode>
    <place>Saint-Paul</place>
    <state>Réunion</state>
    <state_code>RE</state_code>
    <province>Réunion</province>
    <province_code>974</province_code>
    <community>Arrondissement de Saint-Paul</community>
    <community_code>9744</community_code>
    <latitude>-21.0096</latitude>
    <longitude>55.2707</longitude>
  </object>
  <object>
    <country_code>RE</country_code>
    <zipcode>97424</zipcode>
    <place>Saint-Leu</place>
    <state>Réunion</state>
    <state_code>RE</state_code>
    <province>Réunion</province>
    <province_code>974</province_code>
    <community>Arrondissement de Saint-Paul</community>
    <community_code>9744</community_code>
    <latitude>-21.1706</latitude>
    <longitude>55.2882</longitude>
  </object>
  <object>
    <country_code>RE</country_code>
    <zipcode>97425</zipcode>
    <place>Les Avirons</place>
    <state>Réunion</state>
    <state_code>RE</state_code>
    <province>Réunion</province>
    <province_code>974</province_code>
    <community>Arrondissement de Saint-Pierre</community>
    <community_code>9742</community_code>
    <latitude>-21.2418</latitude>
    <longitude>55.3394</longitude>
  </object>
  <object>
    <country_code>RE</country_code>
    <zipcode>97426</zipcode>
    <place>Trois-Bassins</place>
    <state>Réunion</state>
    <state_code>RE</state_code>
    <province>Réunion</province>
    <province_code>974</province_code>
    <community>Arrondissement de Saint-Paul</community>
    <community_code>9744</community_code>
    <latitude>-21.1</latitude>
    <longitude>55.3</longitude>
  </object>
  <object>
    <country_code>RE</country_code>
    <zipcode>97427</zipcode>
    <place>L'Étang-Salé</place>
    <state>Réunion</state>
    <state_code>RE</state_code>
    <province>Réunion</province>
    <province_code>974</province_code>
    <community>Arrondissement de Saint-Pierre</community>
    <community_code>9742</community_code>
    <latitude>-21.25</latitude>
    <longitude>55.3833</longitude>
  </object>
  <object>
    <country_code>RE</country_code>
    <zipcode>97429</zipcode>
    <place>Petite-Île</place>
    <state>Réunion</state>
    <state_code>RE</state_code>
    <province>Réunion</province>
    <province_code>974</province_code>
    <community>Arrondissement de Saint-Pierre</community>
    <community_code>9742</community_code>
    <latitude>-21.35</latitude>
    <longitude>55.5667</longitude>
  </object>
  <object>
    <country_code>RE</country_code>
    <zipcode>97430</zipcode>
    <place>Le Tampon</place>
    <state>Réunion</state>
    <state_code>RE</state_code>
    <province>Réunion</province>
    <province_code>974</province_code>
    <community>Arrondissement de Saint-Pierre</community>
    <community_code>9742</community_code>
    <latitude>-21.2831</latitude>
    <longitude>55.518</longitude>
  </object>
  <object>
    <country_code>RE</country_code>
    <zipcode>97431</zipcode>
    <place>La Plaine-des-Palmistes</place>
    <state>Réunion</state>
    <state_code>RE</state_code>
    <province>Réunion</province>
    <province_code>974</province_code>
    <community>Arrondissement de Saint-Benoît</community>
    <community_code>9743</community_code>
    <latitude>-21.1167</latitude>
    <longitude>55.6333</longitude>
  </object>
  <object>
    <country_code>RE</country_code>
    <zipcode>97432</zipcode>
    <place>Saint-Pierre</place>
    <state>Réunion</state>
    <state_code>RE</state_code>
    <province>Réunion</province>
    <province_code>974</province_code>
    <community>Arrondissement de Saint-Pierre</community>
    <community_code>9742</community_code>
    <latitude>-21.3393</latitude>
    <longitude>55.4781</longitude>
  </object>
  <object>
    <country_code>RE</country_code>
    <zipcode>97433</zipcode>
    <place>Salazie</place>
    <state>Réunion</state>
    <state_code>RE</state_code>
    <province>Réunion</province>
    <province_code>974</province_code>
    <community>Arrondissement de Saint-Benoît</community>
    <community_code>9743</community_code>
    <latitude>-21.0273</latitude>
    <longitude>55.539</longitude>
  </object>
  <object>
    <country_code>RE</country_code>
    <zipcode>97434</zipcode>
    <place>Saint-Paul</place>
    <state>Réunion</state>
    <state_code>RE</state_code>
    <province>Réunion</province>
    <province_code>974</province_code>
    <community>Arrondissement de Saint-Paul</community>
    <community_code>9744</community_code>
    <latitude>-21.0096</latitude>
    <longitude>55.2707</longitude>
  </object>
  <object>
    <country_code>RE</country_code>
    <zipcode>97435</zipcode>
    <place>Saint-Paul</place>
    <state>Réunion</state>
    <state_code>RE</state_code>
    <province>Réunion</province>
    <province_code>974</province_code>
    <community>Arrondissement de Saint-Paul</community>
    <community_code>9744</community_code>
    <latitude>-21.0096</latitude>
    <longitude>55.2707</longitude>
  </object>
  <object>
    <country_code>RE</country_code>
    <zipcode>97436</zipcode>
    <place>Saint-Leu</place>
    <state>Réunion</state>
    <state_code>RE</state_code>
    <province>Réunion</province>
    <province_code>974</province_code>
    <community>Arrondissement de Saint-Paul</community>
    <community_code>9744</community_code>
    <latitude>-21.1706</latitude>
    <longitude>55.2882</longitude>
  </object>
  <object>
    <country_code>RE</country_code>
    <zipcode>97437</zipcode>
    <place>Saint-Benoît</place>
    <state>Réunion</state>
    <state_code>RE</state_code>
    <province>Réunion</province>
    <province_code>974</province_code>
    <community>Arrondissement de Saint-Benoît</community>
    <community_code>9743</community_code>
    <latitude>-21.038</latitude>
    <longitude>55.7194</longitude>
  </object>
  <object>
    <country_code>RE</country_code>
    <zipcode>97438</zipcode>
    <place>Sainte-Marie</place>
    <state>Réunion</state>
    <state_code>RE</state_code>
    <province>Réunion</province>
    <province_code>974</province_code>
    <community>Arrondissement de Saint-Denis</community>
    <community_code>9741</community_code>
    <latitude>-20.8968</latitude>
    <longitude>55.5496</longitude>
  </object>
  <object>
    <country_code>RE</country_code>
    <zipcode>97439</zipcode>
    <place>Sainte-Rose</place>
    <state>Réunion</state>
    <state_code>RE</state_code>
    <province>Réunion</province>
    <province_code>974</province_code>
    <community>Arrondissement de Saint-Benoît</community>
    <community_code>9743</community_code>
    <latitude>-21.1298</latitude>
    <longitude>55.7963</longitude>
  </object>
  <object>
    <country_code>RE</country_code>
    <zipcode>97440</zipcode>
    <place>Saint-André</place>
    <state>Réunion</state>
    <state_code>RE</state_code>
    <province>Réunion</province>
    <province_code>974</province_code>
    <community>Arrondissement de Saint-Benoît</community>
    <community_code>9743</community_code>
    <latitude>-20.9633</latitude>
    <longitude>55.6503</longitude>
  </object>
  <object>
    <country_code>RE</country_code>
    <zipcode>97441</zipcode>
    <place>Sainte-Suzanne</place>
    <state>Réunion</state>
    <state_code>RE</state_code>
    <province>Réunion</province>
    <province_code>974</province_code>
    <community>Arrondissement de Saint-Denis</community>
    <community_code>9741</community_code>
    <latitude>-20.9061</latitude>
    <longitude>55.6089</longitude>
  </object>
  <object>
    <country_code>RE</country_code>
    <zipcode>97442</zipcode>
    <place>Saint-Philippe</place>
    <state>Réunion</state>
    <state_code>RE</state_code>
    <province>Réunion</province>
    <province_code>974</province_code>
    <community>Arrondissement de Saint-Pierre</community>
    <community_code>9742</community_code>
    <latitude>-21.3585</latitude>
    <longitude>55.768</longitude>
  </object>
  <object>
    <country_code>RE</country_code>
    <zipcode>97445 CEDEX</zipcode>
    <place>Saint-Pierre</place>
    <state>Réunion</state>
    <state_code>RE</state_code>
    <province>Réunion</province>
    <province_code>974</province_code>
    <community>Arrondissement de Saint-Pierre</community>
    <community_code>9742</community_code>
    <latitude>-21.3393</latitude>
    <longitude>55.4781</longitude>
  </object>
  <object>
    <country_code>RE</country_code>
    <zipcode>97446 CEDEX</zipcode>
    <place>Saint-Pierre</place>
    <state>Réunion</state>
    <state_code>RE</state_code>
    <province>Réunion</province>
    <province_code>974</province_code>
    <community>Arrondissement de Saint-Pierre</community>
    <community_code>9742</community_code>
    <latitude>-21.3393</latitude>
    <longitude>55.4781</longitude>
  </object>
  <object>
    <country_code>RE</country_code>
    <zipcode>97447 CEDEX</zipcode>
    <place>Saint-Pierre</place>
    <state>Réunion</state>
    <state_code>RE</state_code>
    <province>Réunion</province>
    <province_code>974</province_code>
    <community>Arrondissement de Saint-Pierre</community>
    <community_code>9742</community_code>
    <latitude>-21.3393</latitude>
    <longitude>55.4781</longitude>
  </object>
  <object>
    <country_code>RE</country_code>
    <zipcode>97448 CEDEX</zipcode>
    <place>Saint-Pierre</place>
    <state>Réunion</state>
    <state_code>RE</state_code>
    <province>Réunion</province>
    <province_code>974</province_code>
    <community>Arrondissement de Saint-Pierre</community>
    <community_code>9742</community_code>
    <latitude>-21.3393</latitude>
    <longitude>55.4781</longitude>
  </object>
  <object>
    <country_code>RE</country_code>
    <zipcode>97449 CEDEX</zipcode>
    <place>Saint-Pierre</place>
    <state>Réunion</state>
    <state_code>RE</state_code>
    <province>Réunion</province>
    <province_code>974</province_code>
    <community>Arrondissement de Saint-Pierre</community>
    <community_code>9742</community_code>
    <latitude>-21.3393</latitude>
    <longitude>55.4781</longitude>
  </object>
  <object>
    <country_code>RE</country_code>
    <zipcode>97450</zipcode>
    <place>Saint-Louis</place>
    <state>Réunion</state>
    <state_code>RE</state_code>
    <province>Réunion</province>
    <province_code>974</province_code>
    <community>Arrondissement de Saint-Pierre</community>
    <community_code>9742</community_code>
    <latitude>-21.2858</latitude>
    <longitude>55.4112</longitude>
  </object>
  <object>
    <country_code>RE</country_code>
    <zipcode>97451 CEDEX</zipcode>
    <place>Saint-Pierre</place>
    <state>Réunion</state>
    <state_code>RE</state_code>
    <province>Réunion</province>
    <province_code>974</province_code>
    <community>Arrondissement de Saint-Pierre</community>
    <community_code>9742</community_code>
    <latitude>-21.3393</latitude>
    <longitude>55.4781</longitude>
  </object>
  <object>
    <country_code>RE</country_code>
    <zipcode>97452 CEDEX</zipcode>
    <place>Saint-Pierre</place>
    <state>Réunion</state>
    <state_code>RE</state_code>
    <province>Réunion</province>
    <province_code>974</province_code>
    <community>Arrondissement de Saint-Pierre</community>
    <community_code>9742</community_code>
    <latitude>-21.3393</latitude>
    <longitude>55.4781</longitude>
  </object>
  <object>
    <country_code>RE</country_code>
    <zipcode>97453 CEDEX</zipcode>
    <place>Saint-Pierre</place>
    <state>Réunion</state>
    <state_code>RE</state_code>
    <province>Réunion</province>
    <province_code>974</province_code>
    <community>Arrondissement de Saint-Pierre</community>
    <community_code>9742</community_code>
    <latitude>-21.3393</latitude>
    <longitude>55.4781</longitude>
  </object>
  <object>
    <country_code>RE</country_code>
    <zipcode>97454 CEDEX</zipcode>
    <place>Saint-Pierre</place>
    <state>Réunion</state>
    <state_code>RE</state_code>
    <province>Réunion</province>
    <province_code>974</province_code>
    <community>Arrondissement de Saint-Pierre</community>
    <community_code>9742</community_code>
    <latitude>-21.3393</latitude>
    <longitude>55.4781</longitude>
  </object>
  <object>
    <country_code>RE</country_code>
    <zipcode>97455 CEDEX</zipcode>
    <place>Saint-Pierre</place>
    <state>Réunion</state>
    <state_code>RE</state_code>
    <province>Réunion</province>
    <province_code>974</province_code>
    <community>Arrondissement de Saint-Pierre</community>
    <community_code>9742</community_code>
    <latitude>-21.3393</latitude>
    <longitude>55.4781</longitude>
  </object>
  <object>
    <country_code>RE</country_code>
    <zipcode>97456 CEDEX</zipcode>
    <place>Saint-Pierre</place>
    <state>Réunion</state>
    <state_code>RE</state_code>
    <province>Réunion</province>
    <province_code>974</province_code>
    <community>Arrondissement de Saint-Pierre</community>
    <community_code>9742</community_code>
    <latitude>-21.3393</latitude>
    <longitude>55.4781</longitude>
  </object>
  <object>
    <country_code>RE</country_code>
    <zipcode>97457 CEDEX</zipcode>
    <place>Saint-Pierre</place>
    <state>Réunion</state>
    <state_code>RE</state_code>
    <province>Réunion</province>
    <province_code>974</province_code>
    <community>Arrondissement de Saint-Pierre</community>
    <community_code>9742</community_code>
    <latitude>-21.3393</latitude>
    <longitude>55.4781</longitude>
  </object>
  <object>
    <country_code>RE</country_code>
    <zipcode>97458 CEDEX</zipcode>
    <place>Saint-Pierre</place>
    <state>Réunion</state>
    <state_code>RE</state_code>
    <province>Réunion</province>
    <province_code>974</province_code>
    <community>Arrondissement de Saint-Pierre</community>
    <community_code>9742</community_code>
    <latitude>-21.3393</latitude>
    <longitude>55.4781</longitude>
  </object>
  <object>
    <country_code>RE</country_code>
    <zipcode>97459 CEDEX</zipcode>
    <place>Saint-Pierre</place>
    <state>Réunion</state>
    <state_code>RE</state_code>
    <province>Réunion</province>
    <province_code>974</province_code>
    <community>Arrondissement de Saint-Pierre</community>
    <community_code>9742</community_code>
    <latitude>-21.3393</latitude>
    <longitude>55.4781</longitude>
  </object>
  <object>
    <country_code>RE</country_code>
    <zipcode>97460</zipcode>
    <place>Saint-Paul</place>
    <state>Réunion</state>
    <state_code>RE</state_code>
    <province>Réunion</province>
    <province_code>974</province_code>
    <community>Arrondissement de Saint-Paul</community>
    <community_code>9744</community_code>
    <latitude>-21.0096</latitude>
    <longitude>55.2707</longitude>
  </object>
  <object>
    <country_code>RE</country_code>
    <zipcode>97461 CEDEX</zipcode>
    <place>Saint-Denis</place>
    <state>Réunion</state>
    <state_code>RE</state_code>
    <province>Réunion</province>
    <province_code>974</province_code>
    <community>Arrondissement de Saint-Denis</community>
    <community_code>9741</community_code>
    <latitude>-20.8823</latitude>
    <longitude>55.4504</longitude>
  </object>
  <object>
    <country_code>RE</country_code>
    <zipcode>97462 CEDEX</zipcode>
    <place>Saint-Denis</place>
    <state>Réunion</state>
    <state_code>RE</state_code>
    <province>Réunion</province>
    <province_code>974</province_code>
    <community>Arrondissement de Saint-Denis</community>
    <community_code>9741</community_code>
    <latitude>-20.8823</latitude>
    <longitude>55.4504</longitude>
  </object>
  <object>
    <country_code>RE</country_code>
    <zipcode>97463 CEDEX</zipcode>
    <place>Saint-Denis</place>
    <state>Réunion</state>
    <state_code>RE</state_code>
    <province>Réunion</province>
    <province_code>974</province_code>
    <community>Arrondissement de Saint-Denis</community>
    <community_code>9741</community_code>
    <latitude>-20.8823</latitude>
    <longitude>55.4504</longitude>
  </object>
  <object>
    <country_code>RE</country_code>
    <zipcode>97464 CEDEX</zipcode>
    <place>Saint-Denis</place>
    <state>Réunion</state>
    <state_code>RE</state_code>
    <province>Réunion</province>
    <province_code>974</province_code>
    <community>Arrondissement de Saint-Denis</community>
    <community_code>9741</community_code>
    <latitude>-20.8823</latitude>
    <longitude>55.4504</longitude>
  </object>
  <object>
    <country_code>RE</country_code>
    <zipcode>97465 CEDEX</zipcode>
    <place>Saint-Denis</place>
    <state>Réunion</state>
    <state_code>RE</state_code>
    <province>Réunion</province>
    <province_code>974</province_code>
    <community>Arrondissement de Saint-Denis</community>
    <community_code>9741</community_code>
    <latitude>-20.8823</latitude>
    <longitude>55.4504</longitude>
  </object>
  <object>
    <country_code>RE</country_code>
    <zipcode>97466 CEDEX</zipcode>
    <place>Saint-Denis</place>
    <state>Réunion</state>
    <state_code>RE</state_code>
    <province>Réunion</province>
    <province_code>974</province_code>
    <community>Arrondissement de Saint-Denis</community>
    <community_code>9741</community_code>
    <latitude>-20.8823</latitude>
    <longitude>55.4504</longitude>
  </object>
  <object>
    <country_code>RE</country_code>
    <zipcode>97467 CEDEX</zipcode>
    <place>Saint-Denis</place>
    <state>Réunion</state>
    <state_code>RE</state_code>
    <province>Réunion</province>
    <province_code>974</province_code>
    <community>Arrondissement de Saint-Denis</community>
    <community_code>9741</community_code>
    <latitude>-20.8823</latitude>
    <longitude>55.4504</longitude>
  </object>
  <object>
    <country_code>RE</country_code>
    <zipcode>97468 CEDEX</zipcode>
    <place>Saint-Denis</place>
    <state>Réunion</state>
    <state_code>RE</state_code>
    <province>Réunion</province>
    <province_code>974</province_code>
    <community>Arrondissement de Saint-Denis</community>
    <community_code>9741</community_code>
    <latitude>-20.8823</latitude>
    <longitude>55.4504</longitude>
  </object>
  <object>
    <country_code>RE</country_code>
    <zipcode>97469 CEDEX</zipcode>
    <place>Saint-Denis</place>
    <state>Réunion</state>
    <state_code>RE</state_code>
    <province>Réunion</province>
    <province_code>974</province_code>
    <community>Arrondissement de Saint-Denis</community>
    <community_code>9741</community_code>
    <latitude>-20.8823</latitude>
    <longitude>55.4504</longitude>
  </object>
  <object>
    <country_code>RE</country_code>
    <zipcode>97470</zipcode>
    <place>Saint-Benoît</place>
    <state>Réunion</state>
    <state_code>RE</state_code>
    <province>Réunion</province>
    <province_code>974</province_code>
    <community>Arrondissement de Saint-Benoît</community>
    <community_code>9743</community_code>
    <latitude>-21.038</latitude>
    <longitude>55.7194</longitude>
  </object>
  <object>
    <country_code>RE</country_code>
    <zipcode>97471 CEDEX</zipcode>
    <place>Saint-Denis</place>
    <state>Réunion</state>
    <state_code>RE</state_code>
    <province>Réunion</province>
    <province_code>974</province_code>
    <community>Arrondissement de Saint-Denis</community>
    <community_code>9741</community_code>
    <latitude>-20.8823</latitude>
    <longitude>55.4504</longitude>
  </object>
  <object>
    <country_code>RE</country_code>
    <zipcode>97472 CEDEX</zipcode>
    <place>Saint-Denis</place>
    <state>Réunion</state>
    <state_code>RE</state_code>
    <province>Réunion</province>
    <province_code>974</province_code>
    <community>Arrondissement de Saint-Denis</community>
    <community_code>9741</community_code>
    <latitude>-20.8823</latitude>
    <longitude>55.4504</longitude>
  </object>
  <object>
    <country_code>RE</country_code>
    <zipcode>97473 CEDEX</zipcode>
    <place>Saint-Denis</place>
    <state>Réunion</state>
    <state_code>RE</state_code>
    <province>Réunion</province>
    <province_code>974</province_code>
    <community>Arrondissement de Saint-Denis</community>
    <community_code>9741</community_code>
    <latitude>-20.8823</latitude>
    <longitude>55.4504</longitude>
  </object>
  <object>
    <country_code>RE</country_code>
    <zipcode>97474 CEDEX</zipcode>
    <place>Saint-Denis</place>
    <state>Réunion</state>
    <state_code>RE</state_code>
    <province>Réunion</province>
    <province_code>974</province_code>
    <community>Arrondissement de Saint-Denis</community>
    <community_code>9741</community_code>
    <latitude>-20.8823</latitude>
    <longitude>55.4504</longitude>
  </object>
  <object>
    <country_code>RE</country_code>
    <zipcode>97475 CEDEX</zipcode>
    <place>Saint-Denis</place>
    <state>Réunion</state>
    <state_code>RE</state_code>
    <province>Réunion</province>
    <province_code>974</province_code>
    <community>Arrondissement de Saint-Denis</community>
    <community_code>9741</community_code>
    <latitude>-20.8823</latitude>
    <longitude>55.4504</longitude>
  </object>
  <object>
    <country_code>RE</country_code>
    <zipcode>97476 CEDEX</zipcode>
    <place>Saint-Denis</place>
    <state>Réunion</state>
    <state_code>RE</state_code>
    <province>Réunion</province>
    <province_code>974</province_code>
    <community>Arrondissement de Saint-Denis</community>
    <community_code>9741</community_code>
    <latitude>-20.8823</latitude>
    <longitude>55.4504</longitude>
  </object>
  <object>
    <country_code>RE</country_code>
    <zipcode>97477 CEDEX</zipcode>
    <place>Saint-Denis</place>
    <state>Réunion</state>
    <state_code>RE</state_code>
    <province>Réunion</province>
    <province_code>974</province_code>
    <community>Arrondissement de Saint-Denis</community>
    <community_code>9741</community_code>
    <latitude>-20.8823</latitude>
    <longitude>55.4504</longitude>
  </object>
  <object>
    <country_code>RE</country_code>
    <zipcode>97478 CEDEX</zipcode>
    <place>Saint-Denis</place>
    <state>Réunion</state>
    <state_code>RE</state_code>
    <province>Réunion</province>
    <province_code>974</province_code>
    <community>Arrondissement de Saint-Denis</community>
    <community_code>9741</community_code>
    <latitude>-20.8823</latitude>
    <longitude>55.4504</longitude>
  </object>
  <object>
    <country_code>RE</country_code>
    <zipcode>97479 CEDEX</zipcode>
    <place>Saint-Denis</place>
    <state>Réunion</state>
    <state_code>RE</state_code>
    <province>Réunion</province>
    <province_code>974</province_code>
    <community>Arrondissement de Saint-Denis</community>
    <community_code>9741</community_code>
    <latitude>-20.8823</latitude>
    <longitude>55.4504</longitude>
  </object>
  <object>
    <country_code>RE</country_code>
    <zipcode>97480</zipcode>
    <place>Saint-Joseph</place>
    <state>Réunion</state>
    <state_code>RE</state_code>
    <province>Réunion</province>
    <province_code>974</province_code>
    <community>Arrondissement de Saint-Pierre</community>
    <community_code>9742</community_code>
    <latitude>-21.3784</latitude>
    <longitude>55.6192</longitude>
  </object>
  <object>
    <country_code>RE</country_code>
    <zipcode>97481 CEDEX</zipcode>
    <place>Saint-Denis</place>
    <state>Réunion</state>
    <state_code>RE</state_code>
    <province>Réunion</province>
    <province_code>974</province_code>
    <community>Arrondissement de Saint-Denis</community>
    <community_code>9741</community_code>
    <latitude>-20.8823</latitude>
    <longitude>55.4504</longitude>
  </object>
  <object>
    <country_code>RE</country_code>
    <zipcode>97482 CEDEX</zipcode>
    <place>Saint-Denis</place>
    <state>Réunion</state>
    <state_code>RE</state_code>
    <province>Réunion</province>
    <province_code>974</province_code>
    <community>Arrondissement de Saint-Denis</community>
    <community_code>9741</community_code>
    <latitude>-20.8823</latitude>
    <longitude>55.4504</longitude>
  </object>
  <object>
    <country_code>RE</country_code>
    <zipcode>97483 CEDEX</zipcode>
    <place>Saint-Denis</place>
    <state>Réunion</state>
    <state_code>RE</state_code>
    <province>Réunion</province>
    <province_code>974</province_code>
    <community>Arrondissement de Saint-Denis</community>
    <community_code>9741</community_code>
    <latitude>-20.8823</latitude>
    <longitude>55.4504</longitude>
  </object>
  <object>
    <country_code>RE</country_code>
    <zipcode>97484 CEDEX</zipcode>
    <place>Saint-Denis</place>
    <state>Réunion</state>
    <state_code>RE</state_code>
    <province>Réunion</province>
    <province_code>974</province_code>
    <community>Arrondissement de Saint-Denis</community>
    <community_code>9741</community_code>
    <latitude>-20.8823</latitude>
    <longitude>55.4504</longitude>
  </object>
  <object>
    <country_code>RE</country_code>
    <zipcode>97485 CEDEX</zipcode>
    <place>Saint-Denis</place>
    <state>Réunion</state>
    <state_code>RE</state_code>
    <province>Réunion</province>
    <province_code>974</province_code>
    <community>Arrondissement de Saint-Denis</community>
    <community_code>9741</community_code>
    <latitude>-20.8823</latitude>
    <longitude>55.4504</longitude>
  </object>
  <object>
    <country_code>RE</country_code>
    <zipcode>97486 CEDEX</zipcode>
    <place>Saint-Denis</place>
    <state>Réunion</state>
    <state_code>RE</state_code>
    <province>Réunion</province>
    <province_code>974</province_code>
    <community>Arrondissement de Saint-Denis</community>
    <community_code>9741</community_code>
    <latitude>-20.8823</latitude>
    <longitude>55.4504</longitude>
  </object>
  <object>
    <country_code>RE</country_code>
    <zipcode>97487 CEDEX</zipcode>
    <place>Saint-Denis</place>
    <state>Réunion</state>
    <state_code>RE</state_code>
    <province>Réunion</province>
    <province_code>974</province_code>
    <community>Arrondissement de Saint-Denis</community>
    <community_code>9741</community_code>
    <latitude>-20.8823</latitude>
    <longitude>55.4504</longitude>
  </object>
  <object>
    <country_code>RE</country_code>
    <zipcode>97488 CEDEX</zipcode>
    <place>Saint-Denis</place>
    <state>Réunion</state>
    <state_code>RE</state_code>
    <province>Réunion</province>
    <province_code>974</province_code>
    <community>Arrondissement de Saint-Denis</community>
    <community_code>9741</community_code>
    <latitude>-20.8823</latitude>
    <longitude>55.4504</longitude>
  </object>
  <object>
    <country_code>RE</country_code>
    <zipcode>97489 CEDEX</zipcode>
    <place>Saint-Denis</place>
    <state>Réunion</state>
    <state_code>RE</state_code>
    <province>Réunion</province>
    <province_code>974</province_code>
    <community>Arrondissement de Saint-Denis</community>
    <community_code>9741</community_code>
    <latitude>-20.8823</latitude>
    <longitude>55.4504</longitude>
  </object>
  <object>
    <country_code>RE</country_code>
    <zipcode>97490</zipcode>
    <place>Saint-Denis</place>
    <state>Réunion</state>
    <state_code>RE</state_code>
    <province>Réunion</province>
    <province_code>974</province_code>
    <community>Arrondissement de Saint-Denis</community>
    <community_code>9741</community_code>
    <latitude>-20.8823</latitude>
    <longitude>55.4504</longitude>
  </object>
  <object>
    <country_code>RE</country_code>
    <zipcode>97499 CEDEX 9</zipcode>
    <place>Saint-Denis</place>
    <state>Réunion</state>
    <state_code>RE</state_code>
    <province>Réunion</province>
    <province_code>974</province_code>
    <community>Arrondissement de Saint-Denis</community>
    <community_code>9741</community_code>
    <latitude>-20.8823</latitude>
    <longitude>55.4504</longitude>
  </object>
  <object>
    <country_code>RE</country_code>
    <zipcode>97701 CEDEX 9</zipcode>
    <place>Saint-Denis</place>
    <state>Réunion</state>
    <state_code>RE</state_code>
    <province>Réunion</province>
    <province_code>974</province_code>
    <community>Arrondissement de Saint-Denis</community>
    <community_code>9741</community_code>
    <latitude>-20.8823</latitude>
    <longitude>55.4504</longitude>
  </object>
  <object>
    <country_code>RE</country_code>
    <zipcode>97702 CEDEX 9</zipcode>
    <place>Saint-Denis</place>
    <state>Réunion</state>
    <state_code>RE</state_code>
    <province>Réunion</province>
    <province_code>974</province_code>
    <community>Arrondissement de Saint-Denis</community>
    <community_code>9741</community_code>
    <latitude>-20.8823</latitude>
    <longitude>55.4504</longitude>
  </object>
  <object>
    <country_code>RE</country_code>
    <zipcode>97703 CEDEX 9</zipcode>
    <place>Saint-Denis</place>
    <state>Réunion</state>
    <state_code>RE</state_code>
    <province>Réunion</province>
    <province_code>974</province_code>
    <community>Arrondissement de Saint-Denis</community>
    <community_code>9741</community_code>
    <latitude>-20.8823</latitude>
    <longitude>55.4504</longitude>
  </object>
  <object>
    <country_code>RE</country_code>
    <zipcode>97704 CEDEX 9</zipcode>
    <place>Saint-Denis</place>
    <state>Réunion</state>
    <state_code>RE</state_code>
    <province>Réunion</province>
    <province_code>974</province_code>
    <community>Arrondissement de Saint-Denis</community>
    <community_code>9741</community_code>
    <latitude>-20.8823</latitude>
    <longitude>55.4504</longitude>
  </object>
  <object>
    <country_code>RE</country_code>
    <zipcode>97705 CEDEX 9</zipcode>
    <place>Saint-Denis</place>
    <state>Réunion</state>
    <state_code>RE</state_code>
    <province>Réunion</province>
    <province_code>974</province_code>
    <community>Arrondissement de Saint-Denis</community>
    <community_code>9741</community_code>
    <latitude>-20.8823</latitude>
    <longitude>55.4504</longitude>
  </object>
  <object>
    <country_code>RE</country_code>
    <zipcode>97706 CEDEX 9</zipcode>
    <place>Saint-Denis</place>
    <state>Réunion</state>
    <state_code>RE</state_code>
    <province>Réunion</province>
    <province_code>974</province_code>
    <community>Arrondissement de Saint-Denis</community>
    <community_code>9741</community_code>
    <latitude>-20.8823</latitude>
    <longitude>55.4504</longitude>
  </object>
  <object>
    <country_code>RE</country_code>
    <zipcode>97707 CEDEX 9</zipcode>
    <place>Saint-Denis</place>
    <state>Réunion</state>
    <state_code>RE</state_code>
    <province>Réunion</province>
    <province_code>974</province_code>
    <community>Arrondissement de Saint-Denis</community>
    <community_code>9741</community_code>
    <latitude>-20.8823</latitude>
    <longitude>55.4504</longitude>
  </object>
  <object>
    <country_code>RE</country_code>
    <zipcode>97708 CEDEX 9</zipcode>
    <place>Saint-Denis</place>
    <state>Réunion</state>
    <state_code>RE</state_code>
    <province>Réunion</province>
    <province_code>974</province_code>
    <community>Arrondissement de Saint-Denis</community>
    <community_code>9741</community_code>
    <latitude>-20.8823</latitude>
    <longitude>55.4504</longitude>
  </object>
  <object>
    <country_code>RE</country_code>
    <zipcode>97709 CEDEX 9</zipcode>
    <place>Saint-Denis</place>
    <state>Réunion</state>
    <state_code>RE</state_code>
    <province>Réunion</province>
    <province_code>974</province_code>
    <community>Arrondissement de Saint-Denis</community>
    <community_code>9741</community_code>
    <latitude>-20.8823</latitude>
    <longitude>55.4504</longitude>
  </object>
  <object>
    <country_code>RE</country_code>
    <zipcode>97711 CEDEX 9</zipcode>
    <place>Saint-Denis</place>
    <state>Réunion</state>
    <state_code>RE</state_code>
    <province>Réunion</province>
    <province_code>974</province_code>
    <community>Arrondissement de Saint-Denis</community>
    <community_code>9741</community_code>
    <latitude>-20.8823</latitude>
    <longitude>55.4504</longitude>
  </object>
  <object>
    <country_code>RE</country_code>
    <zipcode>97712 CEDEX 9</zipcode>
    <place>Saint-Denis</place>
    <state>Réunion</state>
    <state_code>RE</state_code>
    <province>Réunion</province>
    <province_code>974</province_code>
    <community>Arrondissement de Saint-Denis</community>
    <community_code>9741</community_code>
    <latitude>-20.8823</latitude>
    <longitude>55.4504</longitude>
  </object>
  <object>
    <country_code>RE</country_code>
    <zipcode>97713 CEDEX 9</zipcode>
    <place>Saint-Denis</place>
    <state>Réunion</state>
    <state_code>RE</state_code>
    <province>Réunion</province>
    <province_code>974</province_code>
    <community>Arrondissement de Saint-Denis</community>
    <community_code>9741</community_code>
    <latitude>-20.8823</latitude>
    <longitude>55.4504</longitude>
  </object>
  <object>
    <country_code>RE</country_code>
    <zipcode>97714 CEDEX 9</zipcode>
    <place>Saint-Denis</place>
    <state>Réunion</state>
    <state_code>RE</state_code>
    <province>Réunion</province>
    <province_code>974</province_code>
    <community>Arrondissement de Saint-Denis</community>
    <community_code>9741</community_code>
    <latitude>-20.8823</latitude>
    <longitude>55.4504</longitude>
  </object>
  <object>
    <country_code>RE</country_code>
    <zipcode>97715 CEDEX 9</zipcode>
    <place>Saint-Denis</place>
    <state>Réunion</state>
    <state_code>RE</state_code>
    <province>Réunion</province>
    <province_code>974</province_code>
    <community>Arrondissement de Saint-Denis</community>
    <community_code>9741</community_code>
    <latitude>-20.8823</latitude>
    <longitude>55.4504</longitude>
  </object>
  <object>
    <country_code>RE</country_code>
    <zipcode>97716 CEDEX 9</zipcode>
    <place>Saint-Denis</place>
    <state>Réunion</state>
    <state_code>RE</state_code>
    <province>Réunion</province>
    <province_code>974</province_code>
    <community>Arrondissement de Saint-Denis</community>
    <community_code>9741</community_code>
    <latitude>-20.8823</latitude>
    <longitude>55.4504</longitude>
  </object>
  <object>
    <country_code>RE</country_code>
    <zipcode>97717 CEDEX 9</zipcode>
    <place>Saint-Denis</place>
    <state>Réunion</state>
    <state_code>RE</state_code>
    <province>Réunion</province>
    <province_code>974</province_code>
    <community>Arrondissement de Saint-Denis</community>
    <community_code>9741</community_code>
    <latitude>-20.8823</latitude>
    <longitude>55.4504</longitude>
  </object>
  <object>
    <country_code>RE</country_code>
    <zipcode>97718 CEDEX 9</zipcode>
    <place>Saint-Denis</place>
    <state>Réunion</state>
    <state_code>RE</state_code>
    <province>Réunion</province>
    <province_code>974</province_code>
    <community>Arrondissement de Saint-Denis</community>
    <community_code>9741</community_code>
    <latitude>-20.8823</latitude>
    <longitude>55.4504</longitude>
  </object>
  <object>
    <country_code>RE</country_code>
    <zipcode>97719 CEDEX 9</zipcode>
    <place>Saint-Denis</place>
    <state>Réunion</state>
    <state_code>RE</state_code>
    <province>Réunion</province>
    <province_code>974</province_code>
    <community>Arrondissement de Saint-Denis</community>
    <community_code>9741</community_code>
    <latitude>-20.8823</latitude>
    <longitude>55.4504</longitude>
  </object>
  <object>
    <country_code>RE</country_code>
    <zipcode>97743 CEDEX 9</zipcode>
    <place>Saint-Denis</place>
    <state>Réunion</state>
    <state_code>RE</state_code>
    <province>Réunion</province>
    <province_code>974</province_code>
    <community>Arrondissement de Saint-Denis</community>
    <community_code>9741</community_code>
    <latitude>-20.8823</latitude>
    <longitude>55.4504</longitude>
  </object>
  <object>
    <country_code>RE</country_code>
    <zipcode>97751 CEDEX</zipcode>
    <place>Saint-Pierre</place>
    <state>Réunion</state>
    <state_code>RE</state_code>
    <province>Réunion</province>
    <province_code>974</province_code>
    <community>Arrondissement de Saint-Pierre</community>
    <community_code>9742</community_code>
    <latitude>-21.3393</latitude>
    <longitude>55.4781</longitude>
  </object>
  <object>
    <country_code>RE</country_code>
    <zipcode>97801 CEDEX 9</zipcode>
    <place>Saint-Denis</place>
    <state>Réunion</state>
    <state_code>RE</state_code>
    <province>Réunion</province>
    <province_code>974</province_code>
    <community>Arrondissement de Saint-Denis</community>
    <community_code>9741</community_code>
    <latitude>-20.8823</latitude>
    <longitude>55.4504</longitude>
  </object>
  <object>
    <country_code>RE</country_code>
    <zipcode>97802 CEDEX 9</zipcode>
    <place>Saint-Denis</place>
    <state>Réunion</state>
    <state_code>RE</state_code>
    <province>Réunion</province>
    <province_code>974</province_code>
    <community>Arrondissement de Saint-Denis</community>
    <community_code>9741</community_code>
    <latitude>-20.8823</latitude>
    <longitude>55.4504</longitude>
  </object>
  <object>
    <country_code>RE</country_code>
    <zipcode>97803 CEDEX 9</zipcode>
    <place>Saint-Denis</place>
    <state>Réunion</state>
    <state_code>RE</state_code>
    <province>Réunion</province>
    <province_code>974</province_code>
    <community>Arrondissement de Saint-Denis</community>
    <community_code>9741</community_code>
    <latitude>-20.8823</latitude>
    <longitude>55.4504</longitude>
  </object>
  <object>
    <country_code>RE</country_code>
    <zipcode>97804 CEDEX 9</zipcode>
    <place>Saint-Denis</place>
    <state>Réunion</state>
    <state_code>RE</state_code>
    <province>Réunion</province>
    <province_code>974</province_code>
    <community>Arrondissement de Saint-Denis</community>
    <community_code>9741</community_code>
    <latitude>-20.8823</latitude>
    <longitude>55.4504</longitude>
  </object>
  <object>
    <country_code>RE</country_code>
    <zipcode>97805 CEDEX 9</zipcode>
    <place>Saint-Denis</place>
    <state>Réunion</state>
    <state_code>RE</state_code>
    <province>Réunion</province>
    <province_code>974</province_code>
    <community>Arrondissement de Saint-Denis</community>
    <community_code>9741</community_code>
    <latitude>-20.8823</latitude>
    <longitude>55.4504</longitude>
  </object>
  <object>
    <country_code>RE</country_code>
    <zipcode>97806 CEDEX 9</zipcode>
    <place>Saint-Denis</place>
    <state>Réunion</state>
    <state_code>RE</state_code>
    <province>Réunion</province>
    <province_code>974</province_code>
    <community>Arrondissement de Saint-Denis</community>
    <community_code>9741</community_code>
    <latitude>-20.8823</latitude>
    <longitude>55.4504</longitude>
  </object>
  <object>
    <country_code>RE</country_code>
    <zipcode>97821 CEDEX</zipcode>
    <place>Le Port</place>
    <state>Réunion</state>
    <state_code>RE</state_code>
    <province>Réunion</province>
    <province_code>974</province_code>
    <community>Arrondissement de Saint-Paul</community>
    <community_code>9744</community_code>
    <latitude>-20.9373</latitude>
    <longitude>55.2919</longitude>
  </object>
  <object>
    <country_code>RE</country_code>
    <zipcode>97822 CEDEX</zipcode>
    <place>Le Port</place>
    <state>Réunion</state>
    <state_code>RE</state_code>
    <province>Réunion</province>
    <province_code>974</province_code>
    <community>Arrondissement de Saint-Paul</community>
    <community_code>9744</community_code>
    <latitude>-20.9373</latitude>
    <longitude>55.2919</longitude>
  </object>
  <object>
    <country_code>RE</country_code>
    <zipcode>97823 CEDEX</zipcode>
    <place>Le Port</place>
    <state>Réunion</state>
    <state_code>RE</state_code>
    <province>Réunion</province>
    <province_code>974</province_code>
    <community>Arrondissement de Saint-Paul</community>
    <community_code>9744</community_code>
    <latitude>-20.9373</latitude>
    <longitude>55.2919</longitude>
  </object>
  <object>
    <country_code>RE</country_code>
    <zipcode>97824 CEDEX</zipcode>
    <place>Le Port</place>
    <state>Réunion</state>
    <state_code>RE</state_code>
    <province>Réunion</province>
    <province_code>974</province_code>
    <community>Arrondissement de Saint-Paul</community>
    <community_code>9744</community_code>
    <latitude>-20.9373</latitude>
    <longitude>55.2919</longitude>
  </object>
  <object>
    <country_code>RE</country_code>
    <zipcode>97825 CEDEX</zipcode>
    <place>Le Port</place>
    <state>Réunion</state>
    <state_code>RE</state_code>
    <province>Réunion</province>
    <province_code>974</province_code>
    <community>Arrondissement de Saint-Paul</community>
    <community_code>9744</community_code>
    <latitude>-20.9373</latitude>
    <longitude>55.2919</longitude>
  </object>
  <object>
    <country_code>RE</country_code>
    <zipcode>97826 CEDEX</zipcode>
    <place>Le Port</place>
    <state>Réunion</state>
    <state_code>RE</state_code>
    <province>Réunion</province>
    <province_code>974</province_code>
    <community>Arrondissement de Saint-Paul</community>
    <community_code>9744</community_code>
    <latitude>-20.9373</latitude>
    <longitude>55.2919</longitude>
  </object>
  <object>
    <country_code>RE</country_code>
    <zipcode>97827 CEDEX</zipcode>
    <place>Le Port</place>
    <state>Réunion</state>
    <state_code>RE</state_code>
    <province>Réunion</province>
    <province_code>974</province_code>
    <community>Arrondissement de Saint-Paul</community>
    <community_code>9744</community_code>
    <latitude>-20.9373</latitude>
    <longitude>55.2919</longitude>
  </object>
  <object>
    <country_code>RE</country_code>
    <zipcode>97828 CEDEX</zipcode>
    <place>Le Port</place>
    <state>Réunion</state>
    <state_code>RE</state_code>
    <province>Réunion</province>
    <province_code>974</province_code>
    <community>Arrondissement de Saint-Paul</community>
    <community_code>9744</community_code>
    <latitude>-20.9373</latitude>
    <longitude>55.2919</longitude>
  </object>
  <object>
    <country_code>RE</country_code>
    <zipcode>97829 CEDEX</zipcode>
    <place>Le Port</place>
    <state>Réunion</state>
    <state_code>RE</state_code>
    <province>Réunion</province>
    <province_code>974</province_code>
    <community>Arrondissement de Saint-Paul</community>
    <community_code>9744</community_code>
    <latitude>-20.9373</latitude>
    <longitude>55.2919</longitude>
  </object>
  <object>
    <country_code>RE</country_code>
    <zipcode>97831 CEDEX</zipcode>
    <place>Le Tampon</place>
    <state>Réunion</state>
    <state_code>RE</state_code>
    <province>Réunion</province>
    <province_code>974</province_code>
    <community>Arrondissement de Saint-Pierre</community>
    <community_code>9742</community_code>
    <latitude>-21.2831</latitude>
    <longitude>55.518</longitude>
  </object>
  <object>
    <country_code>RE</country_code>
    <zipcode>97832 CEDEX</zipcode>
    <place>Le Tampon</place>
    <state>Réunion</state>
    <state_code>RE</state_code>
    <province>Réunion</province>
    <province_code>974</province_code>
    <community>Arrondissement de Saint-Pierre</community>
    <community_code>9742</community_code>
    <latitude>-21.2831</latitude>
    <longitude>55.518</longitude>
  </object>
  <object>
    <country_code>RE</country_code>
    <zipcode>97833 CEDEX</zipcode>
    <place>Le Tampon</place>
    <state>Réunion</state>
    <state_code>RE</state_code>
    <province>Réunion</province>
    <province_code>974</province_code>
    <community>Arrondissement de Saint-Pierre</community>
    <community_code>9742</community_code>
    <latitude>-21.2831</latitude>
    <longitude>55.518</longitude>
  </object>
  <object>
    <country_code>RE</country_code>
    <zipcode>97834 CEDEX</zipcode>
    <place>Le Tampon</place>
    <state>Réunion</state>
    <state_code>RE</state_code>
    <province>Réunion</province>
    <province_code>974</province_code>
    <community>Arrondissement de Saint-Pierre</community>
    <community_code>9742</community_code>
    <latitude>-21.2831</latitude>
    <longitude>55.518</longitude>
  </object>
  <object>
    <country_code>RE</country_code>
    <zipcode>97835 CEDEX</zipcode>
    <place>Le Tampon</place>
    <state>Réunion</state>
    <state_code>RE</state_code>
    <province>Réunion</province>
    <province_code>974</province_code>
    <community>Arrondissement de Saint-Pierre</community>
    <community_code>9742</community_code>
    <latitude>-21.2831</latitude>
    <longitude>55.518</longitude>
  </object>
  <object>
    <country_code>RE</country_code>
    <zipcode>97836 CEDEX</zipcode>
    <place>Le Tampon</place>
    <state>Réunion</state>
    <state_code>RE</state_code>
    <province>Réunion</province>
    <province_code>974</province_code>
    <community>Arrondissement de Saint-Pierre</community>
    <community_code>9742</community_code>
    <latitude>-21.2831</latitude>
    <longitude>55.518</longitude>
  </object>
  <object>
    <country_code>RE</country_code>
    <zipcode>97837 CEDEX</zipcode>
    <place>Le Tampon</place>
    <state>Réunion</state>
    <state_code>RE</state_code>
    <province>Réunion</province>
    <province_code>974</province_code>
    <community>Arrondissement de Saint-Pierre</community>
    <community_code>9742</community_code>
    <latitude>-21.2831</latitude>
    <longitude>55.518</longitude>
  </object>
  <object>
    <country_code>RE</country_code>
    <zipcode>97838 CEDEX</zipcode>
    <place>Le Tampon</place>
    <state>Réunion</state>
    <state_code>RE</state_code>
    <province>Réunion</province>
    <province_code>974</province_code>
    <community>Arrondissement de Saint-Pierre</community>
    <community_code>9742</community_code>
    <latitude>-21.2831</latitude>
    <longitude>55.518</longitude>
  </object>
  <object>
    <country_code>RE</country_code>
    <zipcode>97839 CEDEX</zipcode>
    <place>Le Tampon</place>
    <state>Réunion</state>
    <state_code>RE</state_code>
    <province>Réunion</province>
    <province_code>974</province_code>
    <community>Arrondissement de Saint-Pierre</community>
    <community_code>9742</community_code>
    <latitude>-21.2831</latitude>
    <longitude>55.518</longitude>
  </object>
  <object>
    <country_code>RE</country_code>
    <zipcode>97851 CEDEX</zipcode>
    <place>Saint-Pierre</place>
    <state>Réunion</state>
    <state_code>RE</state_code>
    <province>Réunion</province>
    <province_code>974</province_code>
    <community>Arrondissement de Saint-Pierre</community>
    <community_code>9742</community_code>
    <latitude>-21.3393</latitude>
    <longitude>55.4781</longitude>
  </object>
  <object>
    <country_code>RE</country_code>
    <zipcode>97852 CEDEX</zipcode>
    <place>Saint-Pierre</place>
    <state>Réunion</state>
    <state_code>RE</state_code>
    <province>Réunion</province>
    <province_code>974</province_code>
    <community>Arrondissement de Saint-Pierre</community>
    <community_code>9742</community_code>
    <latitude>-21.3393</latitude>
    <longitude>55.4781</longitude>
  </object>
  <object>
    <country_code>RE</country_code>
    <zipcode>97853 CEDEX</zipcode>
    <place>Saint-Pierre</place>
    <state>Réunion</state>
    <state_code>RE</state_code>
    <province>Réunion</province>
    <province_code>974</province_code>
    <community>Arrondissement de Saint-Pierre</community>
    <community_code>9742</community_code>
    <latitude>-21.3393</latitude>
    <longitude>55.4781</longitude>
  </object>
  <object>
    <country_code>RE</country_code>
    <zipcode>97861 CEDEX</zipcode>
    <place>Saint-Paul</place>
    <state>Réunion</state>
    <state_code>RE</state_code>
    <province>Réunion</province>
    <province_code>974</province_code>
    <community>Arrondissement de Saint-Paul</community>
    <community_code>9744</community_code>
    <latitude>-21.0096</latitude>
    <longitude>55.2707</longitude>
  </object>
  <object>
    <country_code>RE</country_code>
    <zipcode>97862 CEDEX</zipcode>
    <place>Saint-Paul</place>
    <state>Réunion</state>
    <state_code>RE</state_code>
    <province>Réunion</province>
    <province_code>974</province_code>
    <community>Arrondissement de Saint-Paul</community>
    <community_code>9744</community_code>
    <latitude>-21.0096</latitude>
    <longitude>55.2707</longitude>
  </object>
  <object>
    <country_code>RE</country_code>
    <zipcode>97863 CEDEX</zipcode>
    <place>Saint-Paul</place>
    <state>Réunion</state>
    <state_code>RE</state_code>
    <province>Réunion</province>
    <province_code>974</province_code>
    <community>Arrondissement de Saint-Paul</community>
    <community_code>9744</community_code>
    <latitude>-21.0096</latitude>
    <longitude>55.2707</longitude>
  </object>
  <object>
    <country_code>RE</country_code>
    <zipcode>97864 CEDEX</zipcode>
    <place>Saint-Paul</place>
    <state>Réunion</state>
    <state_code>RE</state_code>
    <province>Réunion</province>
    <province_code>974</province_code>
    <community>Arrondissement de Saint-Paul</community>
    <community_code>9744</community_code>
    <latitude>-21.0096</latitude>
    <longitude>55.2707</longitude>
  </object>
  <object>
    <country_code>RE</country_code>
    <zipcode>97865 CEDEX</zipcode>
    <place>Saint-Paul</place>
    <state>Réunion</state>
    <state_code>RE</state_code>
    <province>Réunion</province>
    <province_code>974</province_code>
    <community>Arrondissement de Saint-Paul</community>
    <community_code>9744</community_code>
    <latitude>-21.0096</latitude>
    <longitude>55.2707</longitude>
  </object>
  <object>
    <country_code>RE</country_code>
    <zipcode>97866 CEDEX</zipcode>
    <place>Saint-Paul</place>
    <state>Réunion</state>
    <state_code>RE</state_code>
    <province>Réunion</province>
    <province_code>974</province_code>
    <community>Arrondissement de Saint-Paul</community>
    <community_code>9744</community_code>
    <latitude>-21.0096</latitude>
    <longitude>55.2707</longitude>
  </object>
  <object>
    <country_code>RE</country_code>
    <zipcode>97867 CEDEX</zipcode>
    <place>Saint-Paul</place>
    <state>Réunion</state>
    <state_code>RE</state_code>
    <province>Réunion</province>
    <province_code>974</province_code>
    <community>Arrondissement de Saint-Paul</community>
    <community_code>9744</community_code>
    <latitude>-21.0096</latitude>
    <longitude>55.2707</longitude>
  </object>
  <object>
    <country_code>RE</country_code>
    <zipcode>97868 CEDEX</zipcode>
    <place>Saint-Paul</place>
    <state>Réunion</state>
    <state_code>RE</state_code>
    <province>Réunion</province>
    <province_code>974</province_code>
    <community>Arrondissement de Saint-Paul</community>
    <community_code>9744</community_code>
    <latitude>-21.0096</latitude>
    <longitude>55.2707</longitude>
  </object>
  <object>
    <country_code>RE</country_code>
    <zipcode>97872 CEDEX</zipcode>
    <place>Saint-Louis</place>
    <state>Réunion</state>
    <state_code>RE</state_code>
    <province>Réunion</province>
    <province_code>974</province_code>
    <community>Arrondissement de Saint-Pierre</community>
    <community_code>9742</community_code>
    <latitude>-21.2858</latitude>
    <longitude>55.4112</longitude>
  </object>
  <object>
    <country_code>RE</country_code>
    <zipcode>97899 CEDEX</zipcode>
    <place>Saint-Louis</place>
    <state>Réunion</state>
    <state_code>RE</state_code>
    <province>Réunion</province>
    <province_code>974</province_code>
    <community>Arrondissement de Saint-Pierre</community>
    <community_code>9742</community_code>
    <latitude>-21.2858</latitude>
    <longitude>55.4112</longitude>
  </object>
</zipcodes>
<to_s/>
