<?xml version="1.0" encoding="UTF-8"?>
<zipcodes>
  <object>
    <country_code>VI</country_code>
    <zipcode>00820</zipcode>
    <place>Christiansted</place>
    <state>Vi</state>
    <state_code>78</state_code>
    <province>St. Croix</province>
    <province_code>010</province_code>
    <community></community>
    <community_code></community_code>
    <latitude>17.7342</latitude>
    <longitude>-64.7347</longitude>
  </object>
  <object>
    <country_code>VI</country_code>
    <zipcode>00821</zipcode>
    <place>Christiansted</place>
    <state>Vi</state>
    <state_code>78</state_code>
    <province>St. Croix</province>
    <province_code>010</province_code>
    <community></community>
    <community_code></community_code>
    <latitude>17.7342</latitude>
    <longitude>-64.7347</longitude>
  </object>
  <object>
    <country_code>VI</country_code>
    <zipcode>00822</zipcode>
    <place>Christiansted</place>
    <state>Vi</state>
    <state_code>78</state_code>
    <province>St. Croix</province>
    <province_code>010</province_code>
    <community></community>
    <community_code></community_code>
    <latitude>17.7342</latitude>
    <longitude>-64.7347</longitude>
  </object>
  <object>
    <country_code>VI</country_code>
    <zipcode>00823</zipcode>
    <place>Christiansted</place>
    <state>Vi</state>
    <state_code>78</state_code>
    <province>St. Croix</province>
    <province_code>010</province_code>
    <community></community>
    <community_code></community_code>
    <latitude>17.7237</latitude>
    <longitude>-64.7445</longitude>
  </object>
  <object>
    <country_code>VI</country_code>
    <zipcode>00824</zipcode>
    <place>Christiansted</place>
    <state>Vi</state>
    <state_code>78</state_code>
    <province>St. Croix</province>
    <province_code>010</province_code>
    <community></community>
    <community_code></community_code>
    <latitude>17.7446</latitude>
    <longitude>-64.6825</longitude>
  </object>
  <object>
    <country_code>VI</country_code>
    <zipcode>00840</zipcode>
    <place>Frederiksted</place>
    <state>Vi</state>
    <state_code>78</state_code>
    <province>St. Croix</province>
    <province_code>010</province_code>
    <community></community>
    <community_code></community_code>
    <latitude>17.7226</latitude>
    <longitude>-64.8729</longitude>
  </object>
  <object>
    <country_code>VI</country_code>
    <zipcode>00841</zipcode>
    <place>Frederiksted</place>
    <state>Vi</state>
    <state_code>78</state_code>
    <province>St. Croix</province>
    <province_code>010</province_code>
    <community></community>
    <community_code></community_code>
    <latitude>17.7648</latitude>
    <longitude>-64.8096</longitude>
  </object>
  <object>
    <country_code>VI</country_code>
    <zipcode>00850</zipcode>
    <place>Kingshill</place>
    <state>Vi</state>
    <state_code>78</state_code>
    <province>St. Croix</province>
    <province_code>010</province_code>
    <community></community>
    <community_code></community_code>
    <latitude>17.7208</latitude>
    <longitude>-64.8002</longitude>
  </object>
  <object>
    <country_code>VI</country_code>
    <zipcode>00851</zipcode>
    <place>Kingshill</place>
    <state>Vi</state>
    <state_code>78</state_code>
    <province>St. Croix</province>
    <province_code>010</province_code>
    <community></community>
    <community_code></community_code>
    <latitude>17.7099</latitude>
    <longitude>-64.7009</longitude>
  </object>
  <object>
    <country_code>VI</country_code>
    <zipcode>00830</zipcode>
    <place>St John</place>
    <state>Vi</state>
    <state_code>78</state_code>
    <province>St. John</province>
    <province_code>020</province_code>
    <community></community>
    <community_code></community_code>
    <latitude>18.3282</latitude>
    <longitude>-64.7407</longitude>
  </object>
  <object>
    <country_code>VI</country_code>
    <zipcode>00831</zipcode>
    <place>St John</place>
    <state>Vi</state>
    <state_code>78</state_code>
    <province>St. John</province>
    <province_code>020</province_code>
    <community></community>
    <community_code></community_code>
    <latitude>18.3273</latitude>
    <longitude>-64.7864</longitude>
  </object>
  <object>
    <country_code>VI</country_code>
    <zipcode>00801</zipcode>
    <place>St Thomas</place>
    <state>Vi</state>
    <state_code>78</state_code>
    <province>St. Thomas</province>
    <province_code>030</province_code>
    <community></community>
    <community_code></community_code>
    <latitude>18.3484</latitude>
    <longitude>-64.974</longitude>
  </object>
  <object>
    <country_code>VI</country_code>
    <zipcode>00802</zipcode>
    <place>St Thomas</place>
    <state>Vi</state>
    <state_code>78</state_code>
    <province>St. Thomas</province>
    <province_code>030</province_code>
    <community></community>
    <community_code></community_code>
    <latitude>18.3387</latitude>
    <longitude>-64.916</longitude>
  </object>
  <object>
    <country_code>VI</country_code>
    <zipcode>00803</zipcode>
    <place>St Thomas</place>
    <state>Vi</state>
    <state_code>78</state_code>
    <province>St. Thomas</province>
    <province_code>030</province_code>
    <community></community>
    <community_code></community_code>
    <latitude>18.3223</latitude>
    <longitude>-64.9637</longitude>
  </object>
  <object>
    <country_code>VI</country_code>
    <zipcode>00804</zipcode>
    <place>St Thomas</place>
    <state>Vi</state>
    <state_code>78</state_code>
    <province>St. Thomas</province>
    <province_code>030</province_code>
    <community></community>
    <community_code></community_code>
    <latitude>18.3223</latitude>
    <longitude>-64.9637</longitude>
  </object>
  <object>
    <country_code>VI</country_code>
    <zipcode>00805</zipcode>
    <place>St Thomas</place>
    <state>Vi</state>
    <state_code>78</state_code>
    <province>St. Thomas</province>
    <province_code>030</province_code>
    <community></community>
    <community_code></community_code>
    <latitude>18.3223</latitude>
    <longitude>-64.9637</longitude>
  </object>
</zipcodes>
<to_s/>
